Date,Close,High,Low,Open,Volume
2019-01-02,37.50372314453125,37.72458662290483,36.62740075617171,36.78414211195393,148158800
2019-01-03,33.76808547973633,34.606409542440964,33.72296262600118,34.19318320289865,365248800
2019-01-04,35.2096061706543,35.27847900912154,34.15042265199752,34.32378608802359,234428400
2019-01-07,35.13124465942383,35.34498388334802,34.64914915949289,35.31410959435231,219111200
2019-01-08,35.80095672607422,36.055068075400506,35.27136481535477,35.51834826233486,164101200
2019-01-09,36.40891647338867,36.69864919303754,35.534971211573676,35.929194550467045,180396400
2019-01-10,36.525291442871094,36.56566356603284,35.827083095118475,36.216559392156526,143122800
2019-01-11,36.16667175292969,36.50152723829389,35.98143331926902,36.306790977358595,108092800
2019-01-14,35.62283706665039,35.924444768462564,35.437598603803195,35.82470125952503,129756800
2019-01-15,36.35192108154297,36.42791458616587,35.634713583499995,35.68696070331559,114843600
2019-01-16,36.796024322509766,37.01926139590715,36.33530161762464,36.35430090299284,122278800
2019-01-17,37.01449966430664,37.44197439864599,36.3970357565118,36.62027276354135,119284800
2019-01-18,37.24249267578125,37.49422682619904,37.043002022319946,37.4039811406747,135004000
2019-01-22,36.40653610229492,37.221109811985436,36.24504404145378,37.14511631915699,121576000
2019-01-23,36.55379104614258,36.84352383088879,36.02657260988264,36.608411731342564,92522400
2019-01-24,36.2640495300293,36.68677359804413,36.036065388764655,36.59890508773824,101766000
2019-01-25,37.46572494506836,37.5535970765076,36.6487775687618,36.92425809596469,134142000
2019-01-28,37.118995666503906,37.12611994377185,36.492033900729126,36.99787570546437,104768400
2019-01-29,36.73426818847656,37.55359634769264,36.598903290698956,37.107122292669665,166348800
2019-01-30,39.2444953918457,39.45823098230422,38.05231666544547,38.7695241919444,244439200
2019-01-31,39.527099609375,40.13506210044691,39.080625569606816,39.4487289349215,162958400
2019-02-01,39.54610061645508,40.13031312607623,39.405981367304726,39.65059485362112,130672400
2019-02-04,40.66941452026367,40.766784499178435,39.72659627039081,39.757470562179186,125982000
2019-02-05,41.36524200439453,41.578981228642604,40.93064652495009,41.051762882070676,144406400
2019-02-06,41.379478454589844,41.69533463214748,41.04937372558083,41.47684476408809,112958400
2019-02-07,40.59579086303711,41.30824769496477,40.45329804715444,40.94251782527925,126966800
2019-02-08,40.643489837646484,40.70311587039723,40.16886530680823,40.304814408336355,95280000
2019-02-11,40.40975570678711,40.83429643477586,40.36682670736698,40.79613489799055,83973600
2019-02-12,40.757957458496094,40.784193049888984,40.47413705323205,40.5695408579712,89134000
2019-02-13,40.588626861572266,41.137187031192965,40.52661710438461,40.877218430046,89960800
2019-02-14,40.73651123046875,40.84622110600096,40.39783576019398,40.47654256965909,87342800
2019-02-15,40.645870208740234,40.95115518004431,40.486072890892316,40.84382905782214,98507200
2019-02-19,40.76750946044922,40.889148896685995,40.42406656800364,40.476537768089266,75891200
2019-02-20,41.02985763549805,41.33752994452727,40.78181498726989,40.8295150766272,104457600
2019-02-21,40.798519134521484,41.1109589873407,40.617257291473365,40.97501351487574,68998800
2019-02-22,41.254058837890625,41.26121367050578,40.87483815215059,40.92253824934637,75652800
2019-02-25,41.55457305908203,41.945719682081254,41.48779219461515,41.537879662607395,87493600
2019-02-26,41.57843017578125,41.809779499488094,41.30176447990518,41.430558762837144,68280800
2019-02-27,41.707218170166016,41.738224873214264,41.19681945157351,41.31130406008195,111341600
2019-02-28,41.296993255615234,41.71676290033313,41.24213831860219,41.57604632138093,112861600
2019-03-01,41.7310676574707,41.773996653747055,41.234978633444705,41.56649922650965,103544800
2019-03-04,41.940948486328125,42.3941048319121,41.4925596025787,41.902786955948635,109744800
2019-03-05,41.86463165283203,41.97672889044358,41.62851124268091,41.9624192242437,78949600
2019-03-06,41.623741149902344,41.855090443606244,41.485408319904245,41.65951531314144,83241600
2019-03-07,41.141963958740234,41.60466257047475,41.027482991072056,41.46871346445025,99185600
2019-03-08,41.239749908447266,41.27791144259841,40.42644995336146,40.62202508642293,95997600
2019-03-11,42.668392181396484,42.72086338701754,41.82170533647012,41.855095772839455,128044000
2019-03-12,43.147789001464844,43.56755501819949,42.7804905524479,42.93074933970799,129870400
2019-03-13,43.33857345581055,43.71779403001178,43.150153214273004,43.467364044286846,124130000
2019-03-14,43.82036590576172,43.908614914858006,43.54131649050845,43.8609111740343,94318000
2019-03-15,44.390384674072266,44.678976254213644,43.82274735566281,44.08748706861486,156171600
2019-03-18,44.84354019165039,44.93178554071585,44.31167344863982,44.31406081869042,104879200
2019-03-19,44.48817443847656,45.07489619113061,44.34268677569581,44.92225369569541,126585600
2019-03-20,44.87692642211914,45.194137270077604,44.058855574377155,44.41661167728445,124140800
2019-03-21,46.529781341552734,46.825527845947136,45.27047951523642,45.32056699619354,204136800
2019-03-22,45.56621170043945,47.14987887158073,45.50181457067001,46.58939274805469,169630800
2019-03-25,45.01527404785156,45.78802515555478,44.50487531846958,45.67592791524002,175381200
2019-03-26,44.55017852783203,46.00267123954299,44.023086513229856,45.71169595103682,199202000
2019-03-27,44.95088195800781,45.25855074113513,44.49295438071244,45.01766283557475,119393600
2019-03-28,45.01049041748047,45.21083297191448,44.72666997905723,45.065345337062375,83121600
2019-03-29,45.30386734008789,45.33487404742733,44.96757557971136,45.27524800364219,94256000
2019-04-01,45.611534118652344,45.71647288572653,44.929412116605654,45.706934321186864,111448000
2019-04-02,46.27457046508789,46.37951286036313,45.56621293626409,45.575751499796354,91062800
2019-04-03,46.591773986816406,46.86605222606471,46.06706209372375,46.09091395769468,93087200
2019-04-04,46.672874450683594,46.835055514550795,46.06468818261306,46.45821854703762,76457200
2019-04-05,46.98530960083008,47.00916146750853,46.730108456649496,46.85413161266641,74106400
2019-04-08,47.72467041015625,47.755673467497736,46.82789269236552,46.84697345649762,103526800
2019-04-09,47.58156967163086,48.380559891254,47.51717254330135,47.7771447875635,143072800
2019-04-10,47.84869384765625,47.87731681584689,47.26674323132718,47.38599528748367,86781200
2019-04-11,47.45039367675781,47.93932784783885,47.328757886390626,47.90355368575557,83603200
2019-04-12,47.431312561035156,47.73421380848301,46.796894375967724,47.510019356322424,111042800
2019-04-15,47.51717758178711,47.66505261953051,47.22620224726255,47.362151350453125,70146400
2019-04-16,47.521949768066406,48.027577378944855,47.35738132962048,47.57203723861774,102785600
2019-04-17,48.44735336303711,48.506979405717246,47.369313492380456,47.59112062429385,115627200
2019-04-18,48.6214485168457,48.69061310818153,48.30185387954341,48.44495416346428,96783200
2019-04-22,48.78124237060547,48.879029923206865,48.25891781907729,48.3757861360363,77758000
2019-04-23,49.484840393066406,49.54923753304765,48.63099509296689,48.757402002269444,93292000
2019-04-24,49.40852737426758,49.72335100308434,49.38229176859243,49.456227482962845,70162400
2019-04-25,48.960121154785156,49.55161030134446,48.92195962551455,49.32980323611612,74172800
2019-04-26,48.72639465332031,48.89334681703382,48.206453755716254,48.86949494823866,74596400
2019-04-29,48.80032730102539,49.12469304422843,48.62144921409616,48.75023983540025,88818800
2019-04-30,47.86062240600586,48.51173764933064,47.48855655267741,48.43064712012503,186139600
2019-05-01,50.20989227294922,51.352325495464314,49.90221989618125,50.05724976982913,259309200
2019-05-02,49.88313674926758,50.71790119448601,49.63986515980281,50.04770517932468,127985200
2019-05-03,50.50324249267578,50.524706987957686,50.14071524657425,50.29812882387562,83569600
2019-05-06,49.72333908081055,49.809200711588794,48.53558955444818,48.72400621236716,129772400
2019-05-07,48.38294982910156,49.47052812168986,47.898786717614094,49.103233348565844,155054800
2019-05-08,48.39249038696289,48.9744410929356,48.11821207126675,48.153986237910765,105358000
2019-05-09,47.87255096435547,48.10151289928511,46.90422474446259,47.79622789318936,139634400
2019-05-10,47.20934295654297,47.60918188331269,46.15349214662306,47.26680569139999,164834800
2019-05-13,44.4655647277832,45.36579237166061,43.77842304776529,44.94201700800786,229722400
2019-05-14,45.169471740722656,45.418469654624175,44.39134823649402,44.630770853179754,146118800
2019-05-15,45.7105598449707,45.90928103046059,44.53739063067478,44.59724627738985,106178800
2019-05-16,45.50945281982422,46.08167274519695,45.21256745080139,45.46875141212985,132125600
2019-05-17,45.25086212158203,45.70576350698765,44.714554292361115,44.75525568761966,131516400
2019-05-20,43.83588790893555,44.13756275712424,43.1631109114661,43.938841538280705,154449200
2019-05-21,44.6762580871582,45.011448261831,44.2213529606178,44.345853734052945,113459200
2019-05-22,43.76166915893555,44.4631793828225,43.70660297552515,44.2117848841149,118994400
2019-05-23,43.01466751098633,43.22535692609775,42.571734215795686,43.048186530660814,146118800
2019-05-24,42.849464416503906,43.608433644945144,42.76566504244201,43.143953201217286,94858800
2019-05-28,42.67229461669922,43.237332173533716,42.59568127428577,42.837496817068114,111792800
2019-05-29,42.468780517578125,42.94044331585505,42.138376171721504,42.23893322191725,113924800
2019-05-30,42.689048767089844,42.91171002345526,42.29878877414538,42.60524939880032,84873600
2019-05-31,41.91571044921875,42.61482390464401,41.89655620551277,42.19343784970935,108174400
2019-06-03,41.491939544677734,42.59807084717863,40.766489319881806,42.042612284986966,161584400
2019-06-04,43.00986862182617,43.05535949284863,41.78402628112911,42.004294598391965,123872000
2019-06-05,43.70420837402344,44.290796781787606,43.369018129557915,44.120805094973164,119093600
2019-06-06,44.34586715698242,44.40572282438432,43.610837807703106,43.83350279015418,90105200
2019-06-07,45.52621841430664,45.94999755545234,44.47754962295111,44.65472005742901,122737600
2019-06-10,46.108001708984375,46.77598911152849,45.878154420674264,45.923645296205336,104883600
2019-06-11,46.64192199707031,46.92683551148941,46.352222660423585,46.65389385923823,107731600
2019-06-12,46.49348068237305,46.919652667642254,46.301941849451076,46.436017936506644,73012800
2019-06-13,46.4838981628418,47.11597370565027,46.352218650285145,46.61558132869754,86698400
2019-06-14,46.14631652832031,46.34982356084615,45.56212475815353,45.86140302948494,75046000
2019-06-17,46.421661376953125,46.67784538764014,46.0098540919628,46.184631618277294,58676400
2019-06-18,47.51342010498047,47.95395686657399,46.73769312332653,46.93880725536278,106204000
2019-06-19,47.37454605102539,47.85578778829949,47.240469987030195,47.80790034833085,84496800
2019-06-20,47.75523376464844,48.03056829541135,47.41285754434342,47.97310555578911,86056000
2019-06-21,47.59242630004883,48.08803285817052,47.44158888613369,47.59721577519034,191202400
2019-06-24,47.54453659057617,47.92282470708887,47.446372455538985,47.53495764148546,72881600
2019-06-25,46.82388687133789,47.70735333308996,46.75684517194282,47.50863210598545,84281200
2019-06-26,47.83663558959961,48.12154906442843,47.25005095787499,47.350608010173595,104270000
2019-06-27,47.8222770690918,48.2604209170684,47.78157566069608,47.95395659195468,83598800
2019-06-28,47.38652420043945,47.76481237594813,47.178227691464755,47.56848407525534,124442400
2019-07-01,48.2556266784668,48.95952972038265,48.04014414238902,48.64349012878817,109012000
2019-07-02,48.53813934326172,48.63391056866705,48.2101315728329,48.2221034326709,67740800
2019-07-03,48.94037628173828,48.94755866772957,48.528569102842056,48.6698275650695,45448000
2019-07-05,48.897281646728516,49.10079233915633,48.57884911730465,48.68659222111898,69062000
2019-07-08,47.88930892944336,48.219709629436664,47.50383840170208,48.07845117383741,101354400
2019-07-09,48.18140411376953,48.24604558375023,47.59960531085121,47.69297997634442,82312000
2019-07-10,48.65785217285156,48.77756346841761,48.25801688405682,48.32745148133247,71588400
2019-07-11,48.303504943847656,48.9355804014419,48.29392964821228,48.67700357970353,80767200
2019-07-12,48.674625396728516,48.84222052079679,48.41125902083571,48.471114683238646,70380800
2019-07-15,49.13190841674805,49.289924540363614,48.84220549240544,48.86375264744867,67789600
2019-07-16,48.96192932128906,49.34739991342239,48.72250668402115,48.98347648185129,67467200
2019-07-17,48.68658447265625,49.10317743545347,48.667430227322086,48.85417955270678,56430000
2019-07-18,49.239646911621094,49.29232016959373,48.770377064219026,48.842204566299756,74162400
2019-07-19,48.5046272277832,49.440770539487346,48.449561048653315,49.2707788735222,83717200
2019-07-22,49.61314392089844,49.615536831346986,48.74882832018021,48.75840361527281,89111600
2019-07-23,50.001014709472656,50.017776044989866,49.62990895028045,49.91003660607573,73420800
2019-07-24,49.9603157043457,50.07523753448428,49.60118178852593,49.720893093799184,59966400
2019-07-25,49.565277099609375,50.09679566493992,49.495842486559184,50.01299627768614,55638400
2019-07-26,49.73765182495117,50.214100456871776,49.59399680482801,49.67539961135831,70475600
2019-07-29,50.202125549316406,50.4319728369032,49.90524388391939,49.910033358512514,86693600
2019-07-30,49.98664855957031,50.317052906207756,49.634697056404036,49.98185908479763,135742800
2019-07-31,51.00658416748047,53.00097467114659,50.58999122184964,51.815833646333566,277125600
2019-08-01,49.90285110473633,52.20130954173058,49.49822997674807,51.21249302793154,216071600
2019-08-02,48.84700012207031,49.42400581448253,48.274780251307064,49.20852693471187,163448400
2019-08-05,46.28996276855469,47.56129613952905,46.108002914969816,47.403280006312706,209572000
2019-08-06,47.16625213623047,47.422436071467594,46.45755963373709,47.00104995792599,143299200
2019-08-07,47.654666900634766,47.779167660416284,46.40488444167236,46.78556545258096,133457600
2019-08-08,48.70574188232422,48.72968560566816,47.73847610399667,47.932407841865114,108038000
2019-08-09,48.30438995361328,48.72977548121816,47.89582211277538,48.378892379334594,98478800
2019-08-12,48.18180847167969,48.55913186457045,47.862166138995526,47.975122589913205,89927600
2019-08-13,50.22223663330078,50.98408951762822,48.181814264515985,48.31159574878954,188874000
2019-08-14,48.72736358642578,49.61419017383491,48.68890954638256,48.82590068884438,146189600
2019-08-15,48.4846305847168,49.30175878721862,47.98714105517574,48.89800235789184,108909600
2019-08-16,49.62861633300781,49.787236519570556,48.98933158147647,49.0950783725183,110481600
2019-08-19,50.55389404296875,51.12588234715276,50.476985956959155,50.618781114962545,97654400
2019-08-20,50.556297302246094,51.274892121646914,50.54668562484565,50.68127111152873,107537200
2019-08-21,51.104244232177734,51.34697845950399,50.85430033146804,51.188361977889535,86141600
2019-08-22,51.06099319458008,51.53685003904177,50.65002341946824,51.23643471626912,89014800
2019-08-23,48.7009391784668,50.96246709693238,48.30679433653748,50.33279395070405,187272000
2019-08-26,49.62621307373047,49.79444493377358,49.28253601154714,49.474802566101914,104174400
2019-08-27,49.06624221801758,50.1213008461803,48.91483169869876,49.955470975912974,103493200
2019-08-28,49.39548873901367,49.441152454824554,48.86435650196321,49.0518153700021,63755200
2019-08-29,50.23184585571289,50.30635193898806,49.66706722800578,50.109277719604904,83962000
2019-08-30,50.166961669921875,50.57792781692434,49.79684790345952,50.508233068974185,84573600
2019-09-03,49.43635177612305,49.743976816789676,49.08066101044846,49.61179332263298,80092000
2019-09-04,50.275115966796875,50.344810722376806,49.82569572550079,50.08284938745984,76752400
2019-09-05,51.25807571411133,51.42390559777108,50.83268649087719,50.950450645100226,95654800
2019-09-06,51.253257751464844,51.532044060281095,51.073008551878715,51.443122295315995,77449200
2019-09-09,51.47196960449219,52.01752496664898,50.72694165520818,51.63299180966499,109237600
2019-09-10,52.08000183105469,52.09922885258903,50.88074615868259,51.397459068892765,127111600
2019-09-11,53.73590087890625,53.76474325009253,52.32755338078154,52.40926915409926,177158400
2019-09-12,53.61572265625,54.41602951693154,53.56044726361797,54.02669243174888,128906800
2019-09-13,52.57267761230469,53.06295376939327,52.15690386302663,52.873092912946426,159053200
2019-09-16,52.84906768798828,52.90434675357643,52.28669102458082,52.32754707272448,84632400
2019-09-17,53.04133605957031,53.07017842826459,52.661610598516674,52.86349251065767,73274800
2019-09-18,53.538818359375,53.558045380154766,52.73851149691622,53.12784858296348,101360000
2019-09-19,53.10382843017578,53.77675595935053,52.96202958128968,53.35617442002631,88242400
2019-09-20,52.327545166015625,53.48835049337496,52.2650600947515,53.20476016935374,221652400
2019-09-23,52.56547927856445,52.83465027251121,52.30832196549194,52.620754678997145,76662000
2019-09-24,52.315528869628906,53.471530215080406,52.19776839960509,53.12064347326149,124763200
2019-09-25,53.120643615722656,53.233600080826086,52.1857511921416,52.5246205874519,87613600
2019-09-26,52.84666061401367,53.09901022097145,52.59190900463546,52.87309730935552,75334000
2019-09-27,52.589508056640625,53.103818957729175,52.21939431443392,53.002876179178735,101408000
2019-09-30,53.82722473144531,53.9738275789729,53.062966121770074,53.089402821067836,103909600
2019-10-01,53.97623062133789,54.84863804778662,53.88250117060058,54.09159276622988,139223200
2019-10-02,52.62316131591797,53.73349535353158,52.375615676431906,53.60852153239703,138449200
2019-10-03,53.07017135620117,53.103817725877704,51.70268021152755,52.49577373492866,114426000
2019-10-04,54.557838439941406,54.67320059348173,53.80800277783008,54.2285843362646,138478800
2019-10-07,54.569847106933594,55.25959957952468,54.27664143090137,54.3799862186076,122306000
2019-10-08,53.93055725097656,54.81017419574898,53.9137358998427,54.27183228459761,111820000
2019-10-09,54.56264114379883,54.745292369499005,54.22857939735441,54.56264114379883,74770400
2019-10-10,55.29805374145508,55.38217150680817,54.62752828997779,54.77893513356194,113013600
2019-10-11,56.768898010253906,57.11257146209531,55.83159977697895,55.985412312624774,166795600
2019-10-14,56.68717956542969,57.23033292132796,56.398781533076416,56.45405693637564,96427600
2019-10-15,56.55498504638672,57.114955944106484,56.44923827297353,56.812138638842434,87360000
2019-10-16,56.3266716003418,56.53576316392705,56.04548329122299,56.08633933608511,73903200
2019-10-17,56.545372009277344,56.754459895212634,56.122388565552164,56.49970829460661,67585200
2019-10-18,56.816959381103516,57.09814772935947,56.30745241628178,56.37955283902993,97433600
2019-10-21,57.80232620239258,57.91768835883586,57.03566916558553,57.08373489718011,87247200
2019-10-22,57.670135498046875,58.208477458025,57.58841973582485,57.95853350048938,82293600
2019-10-23,58.44401168823242,58.458434707831906,57.97296239569402,58.18445601032442,75828800
2019-10-24,58.54012680053711,58.83333242341212,58.1147377137137,58.76363402097619,69275200
2019-10-25,59.261131286621094,59.29717966007289,58.371902625409106,58.4391953673054,73477200
2019-10-28,59.85475540161133,59.90282112444377,59.294780746023385,59.46301260952673,96572800
2019-10-29,58.47043991088867,60.02298808307294,58.29740403976976,59.835529194446124,142839600
2019-10-30,58.46322250366211,58.953502353059164,57.970544319100384,58.823720882909704,124522000
2019-10-31,59.78506088256836,59.88359800446322,57.0212394670206,59.41975843149152,139162000
2019-11-01,61.481807708740234,61.508240739941634,59.881193789695324,59.972517565501164,151125200
2019-11-04,61.885562896728516,61.969680662683295,61.37605963006652,61.84470318148446,103272000
2019-11-05,61.7966423034668,62.05139394165395,61.60197373719849,61.77741161321152,79897600
2019-11-06,61.82307434082031,61.88315741177333,61.373654143589235,61.710117874054276,75864400
2019-11-07,62.536598205566406,62.75837098318758,62.21840535973675,62.370270461445436,94940400
2019-11-08,62.70774459838867,62.780057802220625,61.914675466597124,62.35821361498367,69986400
2019-11-11,63.204315185546875,63.269397069308496,62.259380964786935,62.26419939293928,81821200
2019-11-12,63.14643859863281,63.34651733168095,62.89574799399958,63.047605677884896,87388800
2019-11-13,63.75150680541992,63.826232904316335,62.93192525352502,62.946387894835354,102734400
2019-11-14,63.31037139892578,63.850329538427395,63.18020029158952,63.57793757671805,89182800
2019-11-15,64.06246185302734,64.06728028085237,63.39956388635737,63.5610658168469,100206400
2019-11-18,64.3854751586914,64.4650196804653,63.69365188987565,64.07210078681992,86703200
2019-11-19,64.19022369384766,64.60242366565966,63.97327672744023,64.5783168124191,76167200
2019-11-20,63.44294357299805,64.13958515679752,62.77040148157469,64.00942141500776,106234400
2019-11-21,63.15852355957031,63.640631274585225,62.958444738266365,63.56349227465166,121395200
2019-11-22,63.10306930541992,63.44054318535335,62.87647812395486,63.29832231296636,65325200
2019-11-25,64.2094955444336,64.22637107491714,63.281437000749,63.32723780841707,84020400
2019-11-26,63.70811080932617,64.39993403773599,63.27662244789559,64.34690190752454,105207600
2019-11-27,64.56385803222656,64.59760910005717,63.95399212630652,64.01907401320656,65235600
2019-11-29,64.42162322998047,64.60241356645375,64.09619915305304,64.26493974297915,46617600
2019-12-02,63.67678451538086,64.66269385769631,63.50563834538534,64.42645844153186,94487200
2019-12-03,62.541404724121094,62.560685789271204,61.7796739140875,62.26659989018467,114430400
2019-12-04,63.09341812133789,63.471874346050804,62.83790168645125,62.931916197819106,67181600
2019-12-05,64.0190658569336,64.09379930384016,63.332068402488204,63.58758484552913,74424400
2019-12-06,65.25568389892578,65.32559157331079,64.43368941001637,64.4770846926847,106075600
2019-12-09,64.34210968017578,65.27739262489872,63.857588991235076,65.08455244908355,128042400
2019-12-10,64.71812438964844,65.10139903418028,64.08655727851827,64.74704966751833,90420400
2019-12-11,65.27012634277344,65.34967820606464,64.72293693578348,64.79766301561628,78756800
2019-12-12,65.43647003173828,65.70163071358168,64.4385110100101,64.54939371100679,137310400
2019-12-13,66.32594299316406,66.36209958719724,65.30869579489323,65.4364539980619,133587600
2019-12-16,67.46131896972656,67.68550461462198,66.76709014300219,66.77190857113695,128186000
2019-12-17,67.5938949584961,67.92172458582058,67.20579452656094,67.39141065519956,114158400
2019-12-18,67.4323959350586,67.95307308973534,67.28294373773436,67.44685857632358,116028400
2019-12-19,67.4998779296875,67.77950120181951,67.24195597172216,67.37453261033633,98369200
2019-12-20,67.36007690429688,68.13385757058333,67.14794837558046,68.03261909048223,275978000
2019-12-23,68.45929718017578,68.5195606460034,67.58427047933793,67.62283998023321,98572000
2019-12-24,68.52437591552734,68.67383548324801,68.19895910016623,68.62562177025686,48478800
2019-12-26,69.88392639160156,69.90080192756368,68.62803782360339,68.65696311017838,93121200
2019-12-27,69.85738372802734,70.86258124508305,69.45241513604739,70.1755764887449,146266000
2019-12-30,70.27198791503906,70.55402404481653,68.75335220312694,69.77541776891532,144114400
2019-12-31,70.78546905517578,70.79270037718412,69.78991537253853,69.88874834423947,100805600
2020-01-02,72.4005126953125,72.46077614730521,71.15667416341765,71.40977771923563,135480400
2020-01-03,71.69662475585938,72.45594269937853,71.47244650368873,71.62912999102163,146322800
2020-01-06,72.2679672241211,72.3065367367291,70.56853991425558,70.81923806801642,118387200
2020-01-07,71.92807006835938,72.53311029879856,71.708710156977,72.27759377705218,108872000
2020-01-08,73.08512878417969,73.38644614373833,71.631574135924,71.631574135924,132079200
2020-01-09,74.63749694824219,74.83033706552648,73.81068409472688,74.06137477592067,170108400
2020-01-10,74.80623626708984,75.370308736383,74.30484750773756,74.87132551313572,140644800
2020-01-13,76.4044189453125,76.4309386915993,75.00389679896787,75.12201817653433,121532000
2020-01-14,75.3727035522461,76.55146021431688,75.24977111147209,76.34174457661803,161954400
2020-01-15,75.04971313476562,76.05249814521463,74.61822463542303,75.17265296599935,121923600
2020-01-16,75.98983001708984,76.10072010904894,75.23051169402191,75.59209254847153,108829200
2020-01-17,76.83109283447266,76.83349837052724,75.93195936574989,76.23809509330889,137816400
2020-01-21,76.3104019165039,76.90097930249982,76.17299948734095,76.45985409290795,110843200
2020-01-22,76.58280181884766,77.13480977194556,76.48878729766383,76.79492300181599,101832400
2020-01-23,76.95162963867188,77.03117417903718,76.0886526637108,76.63584965719392,104472000
2020-01-24,76.72982788085938,77.93991520434014,76.53939333547534,77.19747280109205,146537600
2020-01-27,74.47357177734375,75.15333787807808,73.4924810810553,74.74113795467083,161940000
2020-01-28,76.58039093017578,76.7515370876536,75.25459488094803,75.35342783283777,162234000
2020-01-29,78.18338775634766,79.02948893915872,77.46987057591716,78.209907499375,216229200
2020-01-30,78.07011413574219,78.12314628033491,76.83591952309017,77.26740800153176,126743200
2020-01-31,74.60855865478516,77.78323285410741,74.31447274556798,77.36138873428479,199588400
2020-02-03,74.40367889404297,75.56796570063159,72.85129158100523,73.35268032975995,173788400
2020-02-04,76.86000061035156,77.05043515977154,75.60169956180454,76.00666815397705,136616400
2020-02-05,77.48677825927734,78.28466607113506,76.88414351579684,77.98575423602955,118826800
2020-02-06,78.39311218261719,78.39552507490272,77.1999001655233,77.7567339114429,105425600
2020-02-07,77.32755279541016,78.14183107037995,76.8370524098855,77.89295663582978,117684000
2020-02-10,77.69480895996094,77.69480895996094,75.83429386411699,75.91402717049185,109348800
2020-02-11,77.2260513305664,78.26262851927434,77.00858949259958,78.19014369789785,94323200
2020-02-12,79.06000518798828,79.06483505188083,77.67548599053883,77.67548599053883,113730400
2020-02-13,78.49703216552734,78.82322871837643,78.12976332478873,78.33272826628952,94747600
2020-02-14,78.5163345336914,78.76520890109116,78.00891869878639,78.46558778851511,80113600
2020-02-18,77.07867431640625,77.25989377012822,76.0179329078446,76.19915236156656,152531200
2020-02-19,78.19498443603516,78.42453202537972,77.32029972520789,77.32029972520789,93984000
2020-02-20,77.39277648925781,78.44385067885128,76.88777921917897,77.95576899229526,100566000
2020-02-21,75.6409912109375,77.4290289157497,75.0248480652508,76.9868493533589,129554000
2020-02-24,72.04801177978516,73.49776723386336,69.88546431842104,71.8257200728422,222195200
2020-02-25,69.60760498046875,73.09910313567873,69.13643877148064,72.71733735421887,230673600
2020-02-26,70.7118148803711,71.9755209333374,69.22581713906433,69.23306562077462,198054800
2020-02-27,66.08952331542969,69.10501764925158,65.95421338126829,67.92105203842019,320605600
2020-02-28,66.05083465576172,67.27104954569712,61.94561408249285,62.16066461488715,426510000
2020-03-02,72.20023345947266,72.83571074634416,67.10434419306169,68.20615768991611,341397200
2020-03-03,69.90721893310547,73.45428597286327,69.05669090258408,73.37455265692115,319475600
2020-03-04,73.14981079101562,73.30928474411743,70.82778980651666,71.62757081642688,219178400
2020-03-05,70.77706909179688,72.37904277817594,70.41221158595323,71.40529059680607,187572800
2020-03-06,69.83712005615234,70.26963239805877,67.95244135070753,68.1384906030925,226176800
2020-03-09,64.31356811523438,67.19374467213605,63.54761077884886,63.72883020122201,286744800
2020-03-10,68.9455337524414,69.21132371848606,65.0867678159455,66.96420578722295,285290000
2020-03-11,66.55101013183594,67.95002595285474,65.6884040253017,67.02460213571918,255598800
2020-03-12,59.97880172729492,65.23899909398826,59.92322879744106,61.8417392125565,418474000
2020-03-13,67.1647720336914,67.63594563074507,61.11928915474014,64.00430755021486,370732000
2020-03-16,58.524227142333984,62.60045234258284,57.99023213253557,58.46140203122849,322423600
2020-03-17,61.09751892089844,62.245238140623194,57.60360714495798,59.80481901443847,324056000
2020-03-18,59.60185623168945,60.406470866055514,57.29432830722245,57.934639110553675,300233600
2020-03-19,59.14518356323242,61.092687597465435,58.62085583762495,59.775827267657704,271857200
2020-03-20,55.39033126831055,60.84866031438535,55.09071377836536,59.72509749228031,401693200
2020-03-23,54.21360778808594,55.211524041383235,51.37208822817037,55.11004159498472,336752800
2020-03-24,59.65260696411133,59.84832336499044,56.61295251663222,57.11070131069981,287531200
2020-03-25,59.323997497558594,62.399894457247456,59.029213577289134,60.58770003932158,303602000
2020-03-26,62.445796966552734,62.50378482179249,59.526955709117544,59.5656167372231,252087200
2020-03-27,59.86040496826172,61.82482113234886,59.69368249851185,61.07094946417779,204216800
2020-03-30,61.56869125366211,61.740247254497845,60.26149432911051,60.58527581752455,167976400
2020-03-31,61.44306182861328,63.424393901395085,60.8897400197262,61.7595949233472,197002000
2020-04-01,58.210105895996094,60.0972038911912,57.78001201918498,59.56079401122782,176218400
2020-04-02,59.181434631347656,59.23459262853542,57.241178794751,58.07237254686632,165934000
2020-04-03,58.33091354370117,59.3674871060243,57.741345715951596,58.66677342106095,129880000
2020-04-06,63.4195556640625,63.574192418824516,60.25667324880632,60.62394199347429,201820400
2020-04-07,62.68501663208008,65.64977167238716,62.581119246295906,65.43230242458398,202887200
2020-04-08,64.28941345214844,64.60352421399418,63.1199448269442,63.484794969799864,168895200
2020-04-09,64.75333404541016,65.25592013573771,63.95839000283478,64.92489377394622,161834800
2020-04-13,66.02427673339844,66.13301133720609,64.23140932290158,64.83064420547504,131022800
2020-04-14,69.35870361328125,69.64865760923763,67.18407076511772,67.65524416508772,194994800
2020-04-15,68.72565460205078,69.18474234820361,67.80747910974512,68.23515430833677,131154400
2020-04-16,69.2717514038086,69.636608985904,68.22309555654638,69.4384739165648,157125200
2020-04-17,68.3318099975586,69.33456350529407,66.89655138464681,68.7884865443206,215250000
2020-04-20,66.9134521484375,68.06117506076643,66.8941253228232,67.15991526149827,130015200
2020-04-21,64.84514617919922,66.99078550242736,64.13476539316186,66.75640806793423,180991600
2020-04-22,66.71294403076172,67.14786790701602,65.77060404965022,66.11129024087298,116862400
2020-04-23,66.4543685913086,68.07809487584751,66.41570756383898,66.65733345514633,124814400
2020-04-24,68.37287139892578,68.38253849821193,66.93036468813068,66.97869281072518,126161200
2020-04-27,68.42121887207031,68.7522452213369,67.64318307081028,68.09018514896542,117087600
2020-04-28,67.31214141845703,69.06392923095741,67.22032976851494,68.88270980207805,112004800
2020-04-29,69.52302551269531,69.99178036647727,68.59518290617446,68.79814778505363,137280800
2020-04-30,70.98968505859375,71.16607461666706,69.67282835408629,70.06184250590752,183064000
2020-05-01,69.8468017578125,72.24614521202258,69.06876605288338,69.16541493960355,240616800
2020-05-04,70.83506774902344,70.96312921364829,69.18234705743826,69.87098252239187,133568000
2020-05-05,71.89820098876953,72.72939466051092,71.1491592367676,71.2941362490643,147751200
2020-05-06,72.64000701904297,73.27064717863384,72.21474300795924,72.59892736503848,142333600
2020-05-07,73.39144897460938,73.73697961793019,72.96377378346223,73.26580616038919,115215200
2020-05-08,75.13829040527344,75.19159229593362,73.72337622769179,74.05045567520663,133838400
2020-05-11,76.32061767578125,76.81486350373997,74.4380975285037,74.64646215282984,145946400
2020-05-12,75.44841003417969,77.45448798811958,75.32727004325628,77.00384337710936,162301200
2020-05-13,74.5374526977539,76.54838146254056,73.46172873051864,75.62771287585991,200622400
2020-05-14,74.9953384399414,75.0559084279637,73.05467365769209,73.77667057668484,158929200
2020-05-15,74.55197143554688,74.59800522378177,72.73487156458532,72.7687943111998,166348400
2020-05-18,76.30850982666016,76.68162311206635,75.18433442581173,75.8748339325949,135178400
2020-05-19,75.86756134033203,77.17102150533867,75.83606375790906,76.32546668705436,101729600
2020-05-20,77.34305572509766,77.41331160943199,76.68647152801736,76.72523721961544,111504800
2020-05-21,76.76640319824219,77.74521626092047,76.52896618682993,77.20492931373624,102688800
2020-05-22,77.26068115234375,77.3430554740474,76.40300778879455,76.5047612593345,81803200
2020-05-26,76.73733520507812,78.55685269616119,76.68160815192094,78.37756788987811,125522000
2020-05-27,77.07169342041016,77.21706291080646,75.85545038481993,76.59440888025136,112945200
2020-05-28,77.10560607910156,78.36303980666368,76.47083369438819,76.74702903556799,133560800
2020-05-29,77.030517578125,77.80823444705406,76.67436561863036,77.34790384342566,153532400
2020-06-01,77.97781372070312,78.09895371175787,76.85363105469186,76.9844643152945,80791200
2020-06-02,78.33879852294922,78.36302799682535,77.27034305104888,77.71129433668344,87642800
2020-06-03,78.77008056640625,79.03174713400516,78.08684912120862,78.65863382513984,104491200
2020-06-04,78.09170532226562,78.89122650754646,77.71859198536116,78.59322678635277,87560400
2020-06-05,80.31582641601562,80.37639642085425,78.31217331772173,78.34124573703636,137250400
2020-06-08,80.79068756103516,80.82461031040765,79.30309219050388,80.01297082329648,95654400
2020-06-09,83.34188842773438,83.73438081455681,80.43937898287314,80.47087656345983,147712400
2020-06-10,85.48607635498047,85.95367499163955,83.8506863159115,84.28921253488384,166651600
2020-06-11,81.38184356689453,85.05480894028344,81.28009011611704,84.63081897651477,201662400
2020-06-12,82.08444213867188,84.26496163650457,80.97480324748997,83.51874266162812,200146000
2020-06-15,83.09961700439453,83.75135081292053,80.5774812512651,80.73981210877636,138808800
2020-06-16,85.30193328857422,85.57329308072946,83.51875616005826,85.15172088189794,165428800
2020-06-17,85.18321990966797,86.10630607045023,85.06207991592963,86.04573607358105,114406400
2020-06-18,85.2171401977539,85.63386205994001,84.60901508072114,85.13960882948713,96820400
2020-06-19,84.73016357421875,86.38735791979117,83.62294217777347,85.92218445110363,264476000
2020-06-22,86.94702911376953,87.08997343752344,85.07662707395669,85.12266086900618,135445200
2020-06-23,88.80287170410156,90.22021092110661,87.77075672869731,88.18990371305667,212155600
2020-06-24,87.23531341552734,89.35041992465683,86.86220024275121,88.43217689431303,192623200
2020-06-25,88.39342498779297,88.4321906709593,86.63205223537432,87.39038973838228,137522400
2020-06-26,85.6774673461914,88.50972079929527,85.52967271907464,88.28924513838203,205256800
2020-06-29,87.65205383300781,87.74654657742667,85.10811395697272,85.58540582946648,130646000
2020-06-30,88.38373565673828,88.66963165860406,87.22079468512266,87.24017383067029,140223200
2020-07-01,88.2165756225586,89.00398569728229,88.16812405423994,88.46128081179627,110737200
2020-07-02,88.2165756225586,89.75748041356287,88.10271110979996,89.122707936332,114041600
2020-07-06,90.57637023925781,91.04396881704737,89.61209327585406,89.64359085564888,118655600
2020-07-07,90.2953109741211,91.73202923655452,90.18386427254704,90.95431270334508,112424400
2020-07-08,92.39832305908203,92.42982064230873,91.18449788463136,91.27172253001288,117092000
2020-07-09,92.79566192626953,93.34320967936996,91.74901058829923,93.28990778547893,125642800
2020-07-10,92.95797729492188,93.01612951561695,91.78050018746696,92.39104305128085,90257200
2020-07-13,92.5291748046875,96.86841138847204,92.3159671776289,94.26147568383803,191649200
2020-07-14,94.06038665771484,94.2517825740539,90.9785841199196,91.91135639920843,170989200
2020-07-15,94.70724487304688,96.18272909779543,93.51038115292206,95.93318100843004,153198000
2020-07-16,93.54188537597656,94.39713348994569,92.94345347342261,93.58065106367306,110577600
2020-07-17,93.35289764404297,94.14757567538506,92.88044872986721,93.99252033438566,92186800
2020-07-20,95.32022094726562,95.45832232514117,93.09609226760277,93.44013312925429,90318000
2020-07-21,94.00463104248047,96.18515083470295,93.75508296201137,96.11004463336359,103433200
2020-07-22,94.26871490478516,94.94952104533722,93.61940634409747,93.7066235863698,89001600
2020-07-23,89.97793579101562,94.07973387894577,89.16872158432245,94.00220251459487,197004400
2020-07-24,89.75504302978516,90.09908386887433,86.39219558540321,88.17780532258647,185438800
2020-07-27,91.88224792480469,91.97431549086922,90.59332418129368,90.81621759974705,121214000
2020-07-28,90.37284851074219,91.63028207050725,90.36799817960483,91.45341504133539,103625600
2020-07-29,92.10517120361328,92.28930638065711,90.81866491806582,90.85500544148256,90329200
2020-07-30,93.21966552734375,93.32384416441144,90.8719714748946,91.27900014562395,158130000
2020-07-31,102.97869110107422,103.12890351490226,97.7115189842411,99.7079111699714,374336800
2020-08-03,105.57349395751953,108.19011460238991,104.56076548592098,104.85876510860703,308151200
2020-08-04,106.27854919433594,107.36880923031337,105.04049450870605,105.76249159429877,173071600
2020-08-05,106.66376495361328,106.98357631299436,105.53473931977294,105.99992015103618,121776800
2020-08-06,110.38519287109375,110.87944616652167,106.40695920907454,106.99569786453769,202428800
2020-08-07,107.87548065185547,110.3633277579693,107.0793698741842,109.90701900604881,198045600
2020-08-10,109.44343566894531,110.46041967667294,106.79539443179243,109.31964772784534,212403600
2020-08-11,106.18862915039062,109.20559802488344,105.92892032538568,108.70803141114541,187902400
2020-08-12,109.71773529052734,109.97501457851946,107.08425578636121,107.27842631827305,165598000
2020-08-13,111.65946197509766,112.66188375277733,110.60849386446708,111.09635710424106,210082000
2020-08-14,111.55992126464844,111.64972529333073,109.75167818563322,111.4846796510428,165565200
2020-08-17,111.2686767578125,112.70556367842538,110.64247058340116,112.68129051352851,119561600
2020-08-18,112.19586181640625,112.62061629597079,110.68616274132592,111.02111317320909,105633600
2020-08-19,112.33662414550781,113.74923783578949,112.24196843606359,112.60361413274605,145538000
2020-08-20,114.82933044433594,114.94340764743272,112.3608970952543,112.37788905057565,126907200
2020-08-21,120.74677276611328,121.22977689357654,115.77592935893642,115.78806223773633,338054800
2020-08-24,122.19091796875,125.03313705599179,120.32685470533741,124.94817728665664,345937600
2020-08-25,121.18850708007812,121.53316822878249,119.4676456893335,121.06472653687041,211495600
2020-08-26,122.83656311035156,123.29287194891076,121.43851175938384,122.50404222890556,163022400
2020-08-27,121.36812591552734,123.77102105443406,120.22492431150832,123.43850018201364,155552400
2020-08-28,121.1715087890625,122.75887130249573,120.94820607750371,122.34139811689965,187630000
2020-08-31,125.28067779541016,127.18358373444218,122.3292484774024,123.86322019633764,225702700
2020-09-01,130.27096557617188,130.87291336835037,126.72730590113318,128.89233580510103,151948100
2020-09-02,127.57195281982422,133.96026120747115,123.30014277535787,133.5816235663219,200119000
2020-09-03,117.35843658447266,125.08653940539764,116.98950967695433,123.2127726268104,257599600
2020-09-04,117.43611145019531,120.09628586271513,107.65947772486805,116.57204011831335,332607200
2020-09-08,109.5332260131836,115.5234742472564,109.3973052116453,110.63030317049355,231366600
2020-09-09,113.90216827392578,115.6691467263431,111.90218370886298,113.8439185975471,176940500
2020-09-10,110.1837387084961,116.98952122909824,109.22258206036143,116.85360038621577,182274400
2020-09-11,108.73715209960938,111.87305715590524,106.79541724068777,111.2322810970384,180860300
2020-09-14,111.999267578125,112.55266171822818,109.51384932182032,111.37791301404883,140150100
2020-09-15,112.17401885986328,115.36817345414228,110.30024450538139,114.88273976030895,184642000
2020-09-16,108.86335754394531,112.62061700186764,108.77598303445264,111.8730523722857,154679000
2020-09-17,107.12548828125,108.93130194991431,105.54297733812126,106.52355532978139,178011000
2020-09-18,103.72744750976562,107.64975186458288,102.99929711385688,107.18373975919344,287104900
2020-09-21,106.8730697631836,106.97986575435861,100.0964130289504,101.49446425369291,195713800
2020-09-22,108.55267333984375,109.5720869949024,105.97988085188311,109.3973305799532,183055400
2020-09-23,103.99931335449219,108.84393936425928,103.65950385577868,108.36821643604246,150718700
2020-09-24,105.0672607421875,107.03812018263172,101.94106684060164,102.10611250444195,167743300
2020-09-25,109.00897216796875,109.16431448128618,104.53327361353669,105.2711347875361,149981400
2020-09-28,111.61091613769531,111.96042899652844,109.49442489570826,111.65946247086177,137672400
2020-09-29,110.76622772216797,111.95068681035575,110.26138007180892,111.21283312191778,99382200
2020-09-30,112.43612670898438,113.84388857632474,110.30993260341256,110.47497824771594,142675200
2020-10-01,113.3875961303711,114.29050304173128,112.45556438431055,114.2128318777771,116120400
2020-10-02,109.7274169921875,112.00896103141628,108.95072761058432,109.60120691204848,144712000
2020-10-05,113.10604858398438,113.25168017088336,110.24199280586862,110.5915056515741,106243800
2020-10-06,109.86332702636719,112.73709281720426,108.97983439036447,112.3293229967493,161498200
2020-10-07,111.72740173339844,112.18371051307483,110.80507342782535,111.28080369994235,96849000
2020-10-08,111.62062072753906,113.0089613382161,111.25168639294162,112.86332975388186,83477200
2020-10-09,113.56234741210938,113.59147224549314,111.57206651675105,111.92157933161523,100506900
2020-10-12,120.77589416503906,121.53316947743221,115.80505089927543,116.56232621166858,240226800
2020-10-13,117.57203674316406,121.73705863931524,116.1642820228976,121.62055188862823,262330500
2020-10-14,117.65940856933594,119.4458008172495,116.1351472290792,117.47494141501437,150712000
2020-10-15,117.19340515136719,117.6691281122452,114.70798693128388,115.26138106332213,112559200
2020-10-16,115.55261993408203,118.00892036442943,115.34873869497103,117.74678205190853,115393800
2020-10-19,112.60118103027344,116.91182635817701,112.29050382279274,116.46522833536906,120639300
2020-10-20,114.08663177490234,115.51380805714416,112.26139629791038,112.81479042703165,124423700
2020-10-21,113.46525573730469,115.25164788351834,113.05748587164362,113.27107784719725,89946000
2020-10-22,112.37789916992188,114.60118635769001,111.25168945435153,114.02837075211397,101988000
2020-10-23,111.68856811523438,113.15457972080071,110.95070693925585,112.99923740706663,82572600
2020-10-26,111.69829559326172,113.15459667058127,109.59150773865373,110.68859262413119,111850700
2020-10-27,113.20310974121094,113.86329970843428,111.20312575541465,112.12544659755038,92276800
2020-10-28,107.96044921875,112.06722147724142,107.86336396260268,111.69829454102945,143937800
2020-10-29,111.96040344238281,113.52350020230705,108.93129515957777,109.09634821039327,146129200
2020-10-30,105.68861389160156,108.72742584588708,104.58182577242385,107.82451896896531,190272600
2020-11-02,105.60124969482422,107.45561008707766,104.19349484961143,105.93134848083719,122866900
2020-11-03,107.22257995605469,108.24198610997585,105.56239787070092,106.4653046968192,107624400
2020-11-04,111.6011734008789,112.22252777022936,109.07692034950163,110.81477339747906,138235500
2020-11-05,115.56232452392578,116.13514003797306,113.46525517113334,114.513786143965,126387100
2020-11-06,115.4310302734375,115.92702142810049,112.94131732140758,115.07118700641044,114457900
2020-11-09,113.12611389160156,118.64042665215963,112.86353074963101,117.19134078148167,154515300
2020-11-10,112.78573608398438,114.36124992222891,110.99625432436308,112.37727008295128,138023400
2020-11-11,116.20907592773438,116.34523125447596,113.24282640096855,113.97223311704505,112295000
2020-11-12,115.93675994873047,117.22051541325983,115.31433350652887,116.33550583009225,103162300
2020-11-13,115.98538970947266,116.38412816982795,114.63355658842221,116.16044760960408,81581900
2020-11-16,116.9968490600586,117.66789824397613,114.90588149878657,115.65473585240478,91183000
2020-11-17,116.11181640625,117.35666927518157,115.6936229499769,116.26742672482064,74271000
2020-11-18,114.78916931152344,116.53002096182686,114.75999422898965,115.35324564020682,76322100
2020-11-19,115.3824234008789,115.7908894056509,113.60266912591757,114.36125096903965,74113000
2020-11-20,114.11808776855469,115.50882328439016,114.06946511493835,115.38239548109874,73604300
2020-11-23,110.72395324707031,114.39044233270789,110.62670048886426,113.96252129270948,127959300
2020-11-24,112.00767517089844,112.66900411514756,109.49851469831438,110.782277431187,113874200
2020-11-25,112.84408569335938,113.54431736019659,112.00769869351593,112.37726952874067,76499200
2020-11-27,113.3886947631836,114.26398425207363,113.02885888768483,113.36924718338975,46691300
2020-11-30,115.78115844726562,117.64843779643516,113.60265845332594,113.75826877571102,169410200
2020-12-01,119.35037231445312,120.07977891765921,116.71478401192405,117.68732614953217,127728200
2020-12-02,119.70051574707031,119.98255392256038,117.57064559900594,118.66961579736986,89004200
2020-12-03,119.5643539428711,120.38128592155832,118.85439479194712,120.12842284343223,78967600
2020-12-04,118.89330291748047,119.48655434771668,118.18334373345853,119.23369125780223,78260400
2020-12-07,120.35208129882812,121.14956550033519,118.89326819217565,118.95161834207147,86712000
2020-12-08,120.96479034423828,121.5483215720864,119.71021007621731,120.95507026503985,82225500
2020-12-09,118.43620300292969,122.49170271232049,117.67762117756554,121.1106943933289,115089200
2020-12-10,119.85611724853516,120.4688236783502,116.85096494578069,117.19135328461722,81312200
2020-12-11,119.04890441894531,119.38929273400028,117.23997517904313,119.0683519998447,86939800
2020-12-14,118.43620300292969,119.96309415447033,118.20279492279666,119.23368741163418,79184500
2020-12-15,124.36871337890625,124.38816838110739,120.7216795566684,120.9259125603246,157243700
2020-12-16,124.30062866210938,124.84524997430788,123.08495079030278,123.91161767905837,98208600
2020-12-17,125.16620635986328,126.02204843734285,124.52432480175362,125.36071187570329,94359800
2020-12-18,123.18221282958984,125.55521844582084,122.65703909059238,125.41906311570027,192541500
2020-12-21,124.70909118652344,124.78689634893868,120.06034032088816,121.5872313887212,121251600
2020-12-22,128.2588348388672,130.71936474152162,126.09005564418584,127.9962443618792,168904800
2020-12-23,127.36412811279297,128.79375143883854,127.18906280686316,128.5311757396674,88223700
2020-12-24,128.34642028808594,129.79551379030826,127.5003131582361,127.71427367104259,54930100
2020-12-28,132.93679809570312,133.56894460120503,129.8441061270866,130.31093707619408,124486200
2020-12-29,131.1667938232422,134.97915839822994,130.6513475184492,134.25948649182007,121047300
2020-12-30,130.04840087890625,132.25607679071385,129.73718011608634,131.85733075328437,96452100
2020-12-31,129.04664611816406,131.0403608931575,128.1032788564328,130.398479383972,99116600
2021-01-04,125.856689453125,129.9413637183322,123.27945114345249,129.85383848203446,143301900
2021-01-05,127.41275787353516,128.12272441766163,124.90359702782354,125.35097300302901,97664900
2021-01-06,123.12385559082031,127.45167334436817,122.90989509434218,124.21310565475042,155088000
2021-01-07,127.32525634765625,128.01576801979238,124.34927881160118,124.83555003879502,109578200
2021-01-08,128.42420959472656,128.98828589154797,126.65417554196101,128.79376556588605,105158200
2021-01-11,125.43849182128906,126.595819441527,124.97167570919714,125.64273221772613,100384500
2021-01-12,125.26344299316406,126.12900498980764,123.3767086805256,124.97167735433455,91951100
2021-01-13,127.29605865478516,127.84067995815208,124.96196311469332,125.22453884607683,88636800
2021-01-14,125.37043762207031,127.4030475675069,125.22454736600265,127.20854206590191,90221800
2021-01-15,123.64901733398438,126.64444915422231,123.5128620166925,125.24398598218208,111598500
2021-01-19,124.3200912475586,125.17593327026417,123.45452914361996,124.27146116175601,90757300
2021-01-20,128.40475463867188,128.85213061210496,125.02031169638846,125.12729193961263,104319500
2021-01-21,133.11181640625,135.83493692542157,129.92187989059025,130.12612023644863,120150900
2021-01-22,135.25146484375,136.01004665089906,131.31266555904966,132.53806351525557,114459400
2021-01-25,138.99571228027344,141.1061268129052,132.790889061693,139.14160249614895,157611700
2021-01-26,139.22914123535156,140.33783872046894,137.48828243304504,139.6570621664172,98390600
2021-01-27,138.15936279296875,140.33786298237393,136.5546738638665,139.49174105337266,140843800
2021-01-28,133.3258514404297,138.09131872574878,132.94656044856208,135.68913749731348,142621100
2021-01-29,128.33668518066406,132.98543606950525,126.63473619885515,132.10041903740844,177523800
2021-02-01,130.4568328857422,131.66279076657688,127.33496534929878,130.07754195512933,106239800
2021-02-02,131.28350830078125,132.5672565949287,130.91393742770222,132.00318020332065,83305400
2021-02-03,130.2623291015625,132.04208344252265,129.94138833452192,132.03234852121233,89880900
2021-02-04,133.6175537109375,133.62727378925396,130.89443296109326,132.55748642168908,84183100
2021-02-05,133.20359802246094,133.84643851699295,132.32700815681875,133.77826657108233,75693800
2021-02-08,133.3497314453125,133.39843419416206,131.411474992241,132.49261062393538,71297200
2021-02-09,132.4730987548828,134.29448011812482,132.31727079805114,133.06723649739686,76774200
2021-02-10,131.86924743652344,133.42764614924684,130.9049865610518,132.93089894279558,73046600
2021-02-11,131.6160125732422,132.84324151471785,130.29137814000228,132.36597838425936,64280000
2021-02-12,131.84979248046875,132.0056353585524,130.21348684657468,130.8563275721737,60145100
2021-02-16,129.7264862060547,132.4731462786685,129.33687901923372,131.96667922879305,80576300
2021-02-17,127.43756103515625,128.78167951119218,126.10319202528883,127.83690273629607,97918500
2021-02-18,126.33698272705078,126.61943492722637,124.09678975209331,125.84023543219843,96856700
2021-02-19,126.4927978515625,127.31096541209789,125.45063033694109,126.85318631272438,87668800
2021-02-22,122.72344207763672,126.34670679460257,122.33384236261952,124.68116782712916,103916400
2021-02-23,122.58708190917969,123.4149766498793,115.31133387912055,120.54169271715817,158273000
2021-02-24,122.09034729003906,122.29488547484925,119.0514857660057,121.691012957123,111039900
2021-02-25,117.84371948242188,123.17147632846172,117.40542445743719,121.43776543888308,148199500
2021-02-26,118.10670471191406,121.6033452358005,118.04825992472897,119.40211317040608,164560400
2021-03-01,124.4668960571289,124.60325484384613,119.5969181572381,120.53195302229754,116307900
2021-03-02,121.86631774902344,125.37270000855568,121.75917765120198,125.07076378614747,102260900
2021-03-03,118.8858871459961,122.4409721711293,118.6716069492106,121.56437474382311,112966300
2021-03-04,117.00606536865234,120.3858306141505,115.53533765690152,118.58394060046568,178155000
2021-03-05,118.26253509521484,118.7690169305712,114.5126538027712,117.83398211644732,153766600
2021-03-08,113.3341293334961,117.85346835184752,113.1880285063647,117.78528895665244,154376600
2021-03-09,117.9411392211914,118.88591626698833,115.70095350378406,115.93471039799229,129525800
2021-03-10,116.85999298095703,118.99303824849771,116.34376908141869,118.52552453136408,111943300
2021-03-11,118.78850555419922,120.00600008566362,118.1067115889779,119.35342480023796,103026500
2021-03-12,117.88267517089844,118.01903394756955,116.06130832636462,117.26906067587845,88105100
2021-03-15,120.76570129394531,120.77544332973144,117.28853761790177,118.25279852383531,92403800
2021-03-16,122.30461883544922,123.91171295180644,121.47672411823375,122.43123557963636,115227900
2021-03-17,121.51567077636719,122.58706425301885,119.15859621053912,120.82413491933752,111932600
2021-03-18,117.39567565917969,119.97676520351848,117.1911374972353,119.68456358302885,121229700
2021-03-19,116.86971282958984,118.27226866588653,116.56777661577428,116.78205680531912,185549500
2021-03-22,120.18130493164062,120.6488260443175,117.13270167198472,117.20088106018801,111912300
2021-03-23,119.35342407226562,121.0092136525593,118.96382433837393,120.12288150317761,95467100
2021-03-24,116.96710968017578,119.7040419397164,116.94763304087101,119.62612052050626,88530500
2021-03-25,117.45411682128906,118.4962991670475,115.90546750304253,116.43142597838931,98844700
2021-03-26,118.0580062866211,118.32098926109825,115.82755546141085,117.22036947257719,94071200
2021-03-29,118.23330688476562,119.3923638462603,117.59047375295034,118.48654778202403,80819200
2021-03-30,116.78206634521484,117.26906411360106,115.76911009525196,116.98660451621751,85671900
2021-03-31,118.97356414794922,120.30793336547684,117.99956854695249,118.48656634745086,118323800
2021-04-01,119.80145263671875,120.95076768283118,119.30471282559485,120.44429326652572,75089100
2021-04-05,122.62606048583984,122.8793014492825,119.86965086309161,120.6488503978394,88651200
2021-04-06,122.92797088623047,123.82404496077191,122.38253578537845,123.21043047231339,80171300
2021-04-07,124.57405090332031,124.5935275475856,121.88582070386657,122.55788011147936,83466700
2021-04-08,126.9700698852539,126.99928856495599,125.17792150755567,125.59673249128127,88844600
2021-04-09,129.54139709472656,129.58035037412546,126.1031942856078,126.42461457311639,106686700
2021-04-12,127.8271713256836,129.39530463290586,127.23303349221449,129.07388434312833,91420000
2021-04-13,130.9342041015625,131.15823376064404,128.49921542278324,128.99596262492872,91266500
2021-04-14,128.59666442871094,131.4894331469025,128.23629073814718,131.43099577675665,87222800
2021-04-15,131.00242614746094,131.48942401418012,130.16478922222413,130.34011618248067,89347100
2021-04-16,130.6712646484375,131.16799709740084,129.81414368991753,130.8076234498389,84922400
2021-04-19,131.33351135253906,131.94713309442693,129.87251852860607,130.03809593187998,94264200
2021-04-20,129.6485595703125,132.0056272235911,128.38236227240412,131.50889480005515,94812300
2021-04-21,130.02841186523438,130.27191076385841,127.88562452974153,128.9180574819885,68847100
2021-04-22,128.5089874267578,130.66150947358742,127.99277092528317,129.58037371612286,84566500
2021-04-23,130.82708740234375,131.60627194079382,128.72325347974677,128.72325347974677,78657500
2021-04-26,131.2166748046875,131.54782970744535,130.0868364590517,131.32381490404939,66905100
2021-04-27,130.895263671875,131.88874331170373,130.62254610203854,131.49913616765673,66015800
2021-04-28,130.10633850097656,131.50889459107745,129.61934068424674,130.81735115204378,107760100
2021-04-29,130.00894165039062,133.50559750247544,129.00572727008065,132.92119413868548,151101000
2021-04-30,128.0414581298828,130.08683981317637,127.66160046998598,128.3531289693404,109839500
2021-05-03,129.09336853027344,130.58359545105438,128.401839986388,128.60637073689202,75135100
2021-05-04,124.52532196044922,128.07067238199318,123.40522566029897,127.77847076247717,137564700
2021-05-05,124.76883697509766,127.05771762012843,124.64221279666873,125.84022317213565,84000900
2021-05-06,126.3662109375,126.37594554444907,123.82407406523244,124.5643128982338,78128300
2021-05-07,127.03942108154297,128.06384189779067,126.3271857055777,127.66383662383032,78973300
2021-05-10,123.76119232177734,126.38568557584613,123.72216543128324,126.25886120807223,88071200
2021-05-11,122.8440933227539,123.19532046962064,119.78054551827158,120.4927732833166,126142800
2021-05-12,119.78054809570312,121.60501628867115,119.27321336720668,120.39521236408822,112172300
2021-05-13,121.92697143554688,123.07823863645709,121.23426088704589,121.54646856304096,105861300
2021-05-14,124.34659576416016,124.7758841676664,122.7855571745272,123.17581868284023,81918000
2021-05-17,123.1953125,123.83924502210618,122.12209907344122,123.73192293508849,74244600
2021-05-18,121.80989837646484,123.8977887358132,121.74160317568686,123.47825894714309,63342900
2021-05-19,121.65379333496094,121.87818865261369,119.86835215925528,120.16105011854478,92612000
2021-05-20,124.21000671386719,124.61002681126666,122.05382097524402,122.18066024691666,76857100
2021-05-21,122.37577819824219,124.8831983677244,122.16113401006866,124.70758107227505,79295400
2021-05-24,124.0051040649414,124.82465387319235,122.87335402183648,122.94164921888921,63092900
2021-05-25,123.80998229980469,125.19541091008112,123.24410353248182,124.7075784829674,72009500
2021-05-26,123.76119232177734,124.28804417802037,123.34166255348855,123.86851440973157,56575900
2021-05-27,122.22941589355469,124.53195020806949,122.03428889481324,123.36117332838509,94625600
2021-05-28,121.57573699951172,122.736762785055,121.51720038633076,122.51236002849775,71311100
2021-06-01,121.2537612915039,122.29770632572136,120.92204391783555,122.03428414331518,67637100
2021-06-02,122.01478576660156,122.19040306312083,121.02938463288338,121.253779962891,59278900
2021-06-03,120.53178405761719,121.80988298653327,120.13176404387289,121.64402429754462,76229200
2021-06-04,122.8245849609375,123.08801464449839,120.83425795335646,121.04890215666704,75169300
2021-06-07,122.8343505859375,123.24412184649682,121.79040526387277,123.09777284097717,71057600
2021-06-08,123.65387725830078,125.33200387040455,123.13678395621102,123.51728685562117,74403800
2021-06-09,124.03437805175781,124.63928371308171,123.43923097435068,124.1124318358548,56877900
2021-06-10,123.03921508789062,125.06856875877892,122.87335638380547,123.92705266664278,71186400
2021-06-11,124.2490234375,124.33683580636276,123.02946096276283,123.44899075181716,53522400
2021-06-14,127.30278778076172,127.36132438958391,123.97582567545629,124.70756306020407,96906500
2021-06-15,126.48328399658203,127.41991468464407,126.23937146072876,126.7759820170539,62746300
2021-06-16,126.9808349609375,127.70282128290683,125.33199905171192,127.19547914078684,91815000
2021-06-17,128.58090209960938,129.32240559947226,126.49301177385304,126.63936820067508,96721700
2021-06-18,127.28330993652344,128.30773056203458,127.06866573814787,127.52722244492858,108953300
2021-06-21,129.0784912109375,129.18581330080102,126.063736441913,127.1271913132279,79663300
2021-06-22,130.71755981445312,130.81513075216756,128.4150256244004,128.9126165646152,74783600
2021-06-23,130.4443817138672,131.04929474301073,129.98582509428016,130.51268434910727,60214200
2021-06-24,130.16146850585938,131.36151382298493,129.69314579268672,131.17613794325877,68711000
2021-06-25,129.8687744140625,130.6297802366699,129.5760764313894,130.21025787505408,70783700
2021-06-28,131.49807739257812,131.95663398446408,130.10290533994575,130.1614419453381,62111300
2021-06-29,133.0103759765625,133.16648356087228,131.07859300425446,131.51763255879192,64556100
2021-06-30,133.62503051757812,134.0640700400228,132.56156070353867,132.8542586809143,63261400
2021-07-01,133.9274444580078,133.98598106066015,132.45420381750057,133.27376091633408,52485800
2021-07-02,136.55197143554688,136.5909908825578,134.39577852908815,134.54212006442484,78852600
2021-07-06,138.56179809570312,139.66427232062847,136.65928383502748,136.65928383502748,108181800
2021-07-07,141.0497283935547,141.3619286538461,139.1862333107396,140.04479519196917,104911600
2021-07-08,139.75210571289062,140.55213093920304,137.24467816832617,138.13252320539087,105575500
2021-07-09,141.5765838623047,142.10342835570765,139.17647811244083,139.27404907544525,99890800
2021-07-12,140.98143005371094,142.75712026323748,140.49360503622404,142.64979816390084,76299700
2021-07-13,142.0936737060547,143.8693639556699,140.1326224508896,140.52287651879445,100827100
2021-07-14,145.51815795898438,145.9279439651733,144.08395159902543,144.49373760521436,127050800
2021-07-15,144.86453247070312,146.3475248913628,143.50837933553277,145.606036124653,106820300
2021-07-16,142.8253936767578,146.1133292004128,142.32781756831105,144.8449961921481,93251400
2021-07-19,138.98135375976562,140.56191704499963,138.22034787278739,140.24970186714236,121434600
2021-07-20,142.59127807617188,143.51815772342314,139.478966284095,139.96679140907298,96350000
2021-07-21,141.8594970703125,142.57173225410514,141.10825732605966,141.9863363279922,74993500
2021-07-22,143.2254180908203,144.59132208932277,142.25951926436974,142.38635852395822,77338200
2021-07-23,144.94256591796875,145.0986734955369,143.34250046599004,143.95716474814094,71447400
2021-07-26,145.36209106445312,146.18163344756866,144.10349429509156,144.6596219111436,72434100
2021-07-27,143.19610595703125,145.57669352917853,142.0058121709576,145.48887374475188,104818600
2021-07-28,141.44972229003906,143.39127100475073,139.06913408549428,141.28386358886817,118931200
2021-07-29,142.0936737060547,142.9815188308623,141.05948702759235,141.16680912935195,56699500
2021-07-30,142.30831909179688,142.7668758133756,140.60093147786202,140.86436116386733,70440600
2021-08-02,141.97657775878906,143.37174997131473,141.71314811709883,142.7961201026742,62880000
2021-08-03,143.77178955078125,144.43522442777342,141.64486473611035,142.25952902121162,64786600
2021-08-04,143.3717803955078,144.19132291330385,142.71809660960577,143.68399557594776,56368300
2021-08-05,143.4790802001953,144.24008597517638,142.61075233452527,143.40102641721816,46397700
2021-08-06,142.7951202392578,143.74291989384258,142.29679858037488,143.000320280882,54126800
2021-08-09,142.74624633789062,143.34228507821692,142.18930041536296,142.8537292225246,48908700
2021-08-10,142.2675018310547,144.3292085832048,141.97436527249621,143.08827226738262,69023100
2021-08-11,142.5215301513672,143.36184690994065,142.19908146277635,142.7071837820295,48493500
2021-08-12,145.48214721679688,145.63848865290169,142.5019538202862,142.84394884807298,72282600
2021-08-13,145.68734741210938,146.01956178212575,144.87634298445295,145.56031813141018,59375000
2021-08-16,147.66110229492188,147.72950726446174,143.11753925492116,145.1401525423691,103296000
2021-08-17,146.75242614746094,148.20831321235303,145.67759718518755,146.7915040599331,92229700
2021-08-18,143.0100555419922,147.27026274921596,142.80485554411644,146.37132185900873,86326000
2021-08-19,143.34226989746094,144.61251796964282,141.19262734198236,141.71049530140775,86960300
2021-08-20,144.79818725585938,145.10108950161558,143.42045616108942,144.06535347049768,60549600
2021-08-23,146.28341674804688,146.7524262457425,144.50506608373868,144.91545125791524,60131800
2021-08-24,146.19544982910156,147.40707372149436,145.73620613091066,146.02934262692168,48606400
2021-08-25,144.9643096923828,146.8794554129226,144.41712946066949,146.3811188443998,58991300
2021-08-26,144.16305541992188,145.70689371393732,144.13374326132688,144.95452843061085,48597200
2021-08-27,145.19883728027344,145.34539810446006,143.46934500714787,144.10446179134948,55802400
2021-08-30,149.61534118652344,149.97688265994054,145.2085727146907,145.58964568755835,90956700
2021-08-31,148.3548583984375,149.30265785841414,147.82720977662575,149.16586282859998,86453100
2021-09-01,149.019287109375,151.43275399237308,148.85317992388826,149.3319699829077,80313700
2021-09-02,150.13319396972656,151.1787105563669,148.91180444862712,150.34815971820325,71115500
2021-09-03,150.76832580566406,151.09077442910467,149.58601418638187,150.24067718201943,57808700
2021-09-07,153.1036376953125,153.66058362239795,150.8562777588282,151.4230043452141,82278300
2021-09-08,151.55979919433594,153.44561765373206,150.4556581818044,153.38699333617137,74420200
2021-09-09,150.54360961914062,152.53691096459315,150.4263460744376,151.93110647020356,57305700
2021-09-10,145.56033325195312,151.9213251437336,145.2965089144569,151.45231569560596,140893200
2021-09-13,146.1270751953125,147.9542695218118,145.34538275990522,147.18235774668085,102404300
2021-09-14,144.7297821044922,147.61227358439965,143.5474852815467,146.9087519585389,109296300
2021-09-15,145.61895751953125,146.0195769004921,143.01983678244974,145.15971382126716,83281300
2021-09-16,145.38446044921875,145.56034832894838,143.85040265204483,145.0424802595639,68034100
2021-09-17,142.71693420410156,145.41377207009813,142.42379770872697,145.41377207009813,129868800
2021-09-20,139.6683807373047,141.5248874282257,138.03660561412693,140.50869758793672,123478900
2021-09-21,140.1471405029297,141.29037444715544,139.51202378684255,140.6356964105484,75834000
2021-09-22,142.51173400878906,143.0784456211062,140.41093510559722,141.14376881169068,76404300
2021-09-23,143.46934509277344,143.71362307292674,142.30657952171666,143.29345719409983,64838200
2021-09-24,143.55726623535156,144.09468071612673,142.22839356904527,142.32611071447462,53477900
2021-09-27,142.04270935058594,142.61921652920344,140.52819828937186,142.1404264749726,74150700
2021-09-28,138.66192626953125,141.43691994614318,138.44696050068399,139.97125238193445,108972300
2021-09-29,139.5608673095703,141.14378350850296,138.77917495976774,139.2091064976362,74602000
2021-09-30,138.2613067626953,141.075393254431,138.04634099404652,140.37187163149707,89056700
2021-10-01,139.3849639892578,139.64878829633227,135.9259954801677,138.65213028813756,94639600
2021-10-04,135.95533752441406,138.9550779570537,135.10525501528176,138.5153657120816,98322000
2021-10-05,137.88023376464844,138.9843747661612,136.17028827499877,136.29731756814027,80861100
2021-10-06,138.7498779296875,138.8964387383312,135.20295726507902,136.27778622694314,83221100
2021-10-07,140.01034545898438,140.91906720020722,139.4533994772065,139.78561391612965,61732700
2021-10-08,139.62921142578125,140.879912810056,139.2969971320444,140.73335206562402,58773200
2021-10-11,139.5413360595703,141.49555969160025,138.56422424355534,139.0137022391212,64452200
2021-10-12,138.27105712890625,139.97123668009885,137.81181348420836,139.95169027343047,73035900
2021-10-13,137.68482971191406,138.163604960137,136.01396194464323,138.00727840066958,78762700
2021-10-14,140.4696044921875,140.58686806127858,138.27110266842462,138.85737578524592,69907100
2021-10-15,141.52488708496094,141.5835114147044,140.2253264406504,140.47938508226497,67940300
2021-10-18,143.19573974609375,143.47909561279081,139.88333128324254,140.1666871499396,85589200
2021-10-19,145.35513305664062,145.75575243725564,143.1957245202807,143.64518755891186,76378900
2021-10-20,145.8437042236328,146.32249438069462,144.72979735027167,145.29652399244392,58418800
2021-10-21,146.0586700439453,146.21501151275598,144.48551942420278,145.40400691653662,61421000
2021-10-22,145.2867431640625,146.74263007605518,145.23788459644618,146.26385487822307,58883400
2021-10-25,145.23788452148438,145.95117189778182,144.24122639888336,145.27696242983234,50720600
2021-10-26,145.90235900878906,147.3875583918874,145.59944178965912,145.91212476055014,60893400
2021-10-27,145.44308471679688,146.30293288736218,145.09132390307514,145.94140632392705,56094900
2021-10-28,149.07797241210938,149.66423061689264,146.29319748336883,146.39091463893837,100077900
2021-10-29,146.37135314941406,146.5081482073945,143.0589446865979,143.85040287273776,124953200
2021-11-01,145.55055236816406,146.27360541935798,144.41709931929685,145.57986452377787,74588300
2021-11-02,146.58633422851562,148.10086068451773,145.24768076131065,145.25746142260692,69122000
2021-11-03,148.0226287841797,148.4916381367387,146.39085434317073,146.94780015379607,54511500
2021-11-04,147.50479125976562,148.94113176601576,147.192108353955,148.11059575284676,60394600
2021-11-05,148.03318786621094,148.93344079375584,146.83937063089465,148.6300964838691,65463900
2021-11-08,147.21124267578125,148.3169952703634,146.93725326087116,148.16042562432813,55020900
2021-11-09,147.57327270507812,148.17996131979666,146.8393694074151,146.97636409239348,56787900
2021-11-10,144.74533081054688,146.90790623545243,144.67684091878007,146.80026646441542,65187100
2021-11-11,144.69639587402344,146.22291262356347,144.51047128224292,145.7630135429795,41000000
2021-11-12,146.77088928222656,147.1720784304826,144.31474986015922,145.24435777936998,63804000
2021-11-15,146.78067016601562,148.62032601011296,146.22289645235986,147.14272437440852,59222800
2021-11-16,147.75921630859375,148.23870523347338,146.1348398835429,146.72196856987298,59256200
2021-11-17,150.19578552246094,151.67337235529826,147.7494408070529,147.7592208106454,88807000
2021-11-18,154.48175048828125,155.26458367795593,149.76520627698585,150.41104477831504,137827700
2021-11-19,157.10421752929688,157.56413140418218,153.17049212484577,154.26644947880266,117305600
2021-11-22,157.5641632080078,162.14371301680876,157.54458827093626,158.20998681834752,117467900
2021-11-23,157.94581604003906,158.3274452479913,155.6462458566702,157.66203166951047,96041900
2021-11-24,158.46444702148438,158.66015163635032,156.2138066222637,157.29998440577035,69463600
2021-11-26,153.44451904296875,157.00639624695634,153.00417999336176,156.1452930856568,76959800
2021-11-29,156.8009033203125,157.73051124922804,155.38201155737082,155.9495652762871,88748200
2021-11-30,161.75228881835938,161.96756831221649,156.48775108343634,156.55625589116394,174048100
2021-12-01,161.23365783691406,166.64497001692308,160.99880341826756,163.88548659020162,152052500
2021-12-02,160.24533081054688,160.6758897940943,154.41325439149716,155.33308223247562,136739200
2021-12-03,158.3665313720703,161.41957902573364,156.29203631008477,160.4997512359703,118023100
2021-12-06,161.7718505859375,164.27690456731682,160.75416307393996,160.76394307511896,107497000
2021-12-07,167.506103515625,167.89752761795768,164.72705957992557,165.4511829707639,120405400
2021-12-08,171.32241821289062,172.18353634737676,167.03641741062992,168.4357343791699,116998900
2021-12-09,170.8135223388672,172.95652208783176,170.187258867456,171.15601647393692,108923700
2021-12-10,175.59857177734375,175.77471631207035,170.94073811179362,171.44958185163827,115402700
2021-12-13,171.96826171875,178.2211185132973,171.76276218304858,177.23278564494396,153237000
2021-12-14,170.5884552001953,173.92527187452762,168.5139603440348,171.48870796666682,139380400
2021-12-15,175.45181274414062,175.64751729804553,168.6118288401074,171.3517373886768,131063300
2021-12-16,168.5629119873047,177.2523322197485,167.08532532021002,175.43225135839342,150185800
2021-12-17,167.46694946289062,169.74694420568176,166.0480727156741,166.2829122189755,195432700
2021-12-20,166.1068115234375,166.91899978685493,163.86596626176092,164.66835958996737,107499100
2021-12-21,169.27725219726562,169.48273676499653,165.49030091905374,167.87793543850688,91185900
2021-12-22,171.870361328125,172.08564081700152,168.4552593739479,169.32615733120278,92135300
2021-12-23,172.49664306640625,173.05441678226669,171.50832525865067,172.07587897729215,68356600
2021-12-27,176.459716796875,176.54778161213417,173.26968906108772,173.2892490658333,74919600
2021-12-28,175.44203186035156,177.43825729141835,174.69834852343934,176.29336988152778,79144300
2021-12-29,175.53009033203125,176.7532624077505,174.31669825764985,175.48116046274254,62348900
2021-12-30,174.3754425048828,176.69458737092964,174.26780274374727,175.61818975957434,59773000
2021-12-31,173.75894165039062,175.3833028387427,173.45558242966288,174.2677704894889,64062300
2022-01-03,178.10365295410156,178.95499096160628,173.895952516217,174.01337226981713,104487900
2022-01-04,175.84324645996094,179.01371442958575,175.27569272230144,178.71037008888723,99310400
2022-01-05,171.1658477783203,176.30317175638402,170.8918583606612,175.75519292106577,94537600
2022-01-06,168.30848693847656,171.53766438344002,167.95621276391145,168.99346035254746,96904000
2022-01-07,168.47483825683594,170.40255876885018,167.3593058480161,169.1793866130696,86709100
2022-01-10,168.49440002441406,168.79774430633347,164.5606744980765,165.45114734140734,106765600
2022-01-11,171.32241821289062,171.42026304461638,167.1538521125257,168.62165897014336,76138300
2022-01-12,171.76275634765625,173.3773379097134,171.06800280036754,172.3400901249927,74805200
2022-01-13,168.49440002441406,172.82931463870656,168.10297600637327,172.0073465977702,84505800
2022-01-14,169.35552978515625,170.0502832024392,167.4180143556812,167.66264878484014,80440800
2022-01-18,166.15570068359375,168.836884364845,165.7740715864879,167.82899175117316,90956700
2022-01-19,162.66233825683594,167.40825267441707,162.37856885772902,166.35143003303915,94815000
2022-01-20,160.97926330566406,166.0383024176851,160.65634400941124,163.39625309442948,91420500
2022-01-21,158.92431640625,162.76018251834915,158.81667665863466,160.8911718694381,122848900
2022-01-24,158.15130615234375,158.81671975397313,151.37982501105924,156.58565431735994,162294600
2022-01-25,156.3507537841797,159.26679197315192,153.64999508546384,155.5679206315474,115798400
2022-01-26,156.26266479492188,160.86178832446035,154.4328043421836,159.99089049638027,108275300
2022-01-27,155.8027801513672,160.3236197319786,154.88295228679408,158.9634528706825,121954600
2022-01-28,166.67433166503906,166.69390660020625,159.30594382680772,162.15349217595866,179935700
2022-01-31,171.02882385253906,171.2441033483954,165.87192581665457,166.5079843021577,115541600
2022-02-01,170.86245727539062,171.0875167509808,168.61181772559075,170.2753287210778,86213900
2022-02-02,172.06607055664062,172.10522042730014,169.60994623393472,170.99946801633135,84914300
2022-02-03,169.1891632080078,172.45749049022623,168.42590499267487,170.7352545735362,89418100
2022-02-04,168.9050750732422,170.5805134014752,167.22963674500915,168.20942139418403,82465400
2022-02-07,168.1898193359375,170.43351937589156,167.49416572772904,169.36555780513737,77251200
2022-02-08,171.2957000732422,171.8051921224292,167.9644243058782,168.2583626015754,74829200
2022-02-09,172.7164306640625,173.07894618735656,171.36432311182244,172.49108438879807,71285000
2022-02-10,168.64048767089844,171.9325638827204,168.08201833200982,170.61965636290995,90865900
2022-02-11,165.23085021972656,169.58109560057568,164.64297356543503,168.84625725787345,98670700
2022-02-14,165.4659881591797,166.15183422384362,163.19288125878157,163.98650420148718,86185500
2022-02-15,169.29698181152344,169.45375094241317,166.80833539753965,167.51378153621621,62527400
2022-02-16,169.06185913085938,169.83588249389837,166.61239729167082,168.37601280595229,61177400
2022-02-17,165.4659881591797,168.43473358576446,165.06427298190405,167.57251856143097,69589300
2022-02-18,163.91793823242188,167.0924302194162,162.83037691642315,166.38699918366942,82772700
2022-02-22,160.99822998046875,163.32031494834902,158.87208401329053,161.6448765238355,91162800
2022-02-23,156.83409118652344,162.79116699621056,156.52055301215938,162.1934979328617,90009200
2022-02-24,159.45013427734375,159.55791116992768,148.9272434071185,149.49552020889521,141147500
2022-02-25,161.51748657226562,161.78201763247694,157.61793335879435,160.52789462372328,91974200
2022-02-28,161.7820281982422,162.07596656799925,159.1464052349538,159.76367431641097,95056600
2022-03-01,159.9008331298828,163.23210951924372,158.69570233786408,161.37050993245586,83474400
2022-03-02,163.19293212890625,163.97676285442304,159.6559088746692,161.06680119053394,79724800
2022-03-03,162.8695526123047,165.4953825137644,162.2033064128783,165.06427499633645,76678400
2022-03-04,159.87142944335938,162.2033212553789,158.82306783943153,161.16475211398938,83737200
2022-03-07,156.07968139648438,161.6840502038395,155.82492784594277,160.05760426701897,96418800
2022-03-08,154.25726318359375,159.58729287941838,152.65041731502816,155.60937048225745,131148300
2022-03-09,159.65585327148438,160.1065606405456,156.18742332820318,158.21556911317273,91454900
2022-03-10,155.31544494628906,157.14763719865718,152.82678391494153,156.9614757494235,105342000
2022-03-11,151.60202026367188,156.0600418102309,151.37667406119195,155.71711132575638,96970100
2022-03-14,147.5751190185547,151.0043643598726,147.0656419035059,148.38834185067742,108732100
2022-03-15,151.95477294921875,152.42508026860065,147.33999637401098,147.84947354452075,92964300
2022-03-16,156.3638153076172,156.76553056777536,151.3375306500096,153.8751690879972,102300200
2022-03-17,157.37298583984375,157.7453087439647,154.44343967423552,155.40362432397723,75615400
2022-03-18,160.6650848388672,161.15497717032517,156.53039236533564,157.2652308625226,123511700
2022-03-21,162.0367431640625,162.98713519470292,159.71464405141342,160.20453623420445,95811400
2022-03-22,165.4072265625,165.9950882926474,161.5762655771906,162.164127307338,81532000
2022-03-23,166.76913452148438,169.15000379737148,164.2608735199057,164.5940116285297,98062700
2022-03-24,170.55108642578125,170.61966356312797,166.76911784992285,167.60192566241446,90131400
2022-03-25,171.1879425048828,171.73661941189775,169.2577659174967,170.3649271443604,80546200
2022-03-28,172.05014038085938,172.17750218202073,168.52291068864233,168.6894722365633,90371900
2022-03-29,175.34225463867188,175.39123190730578,172.77520887835874,173.11813946075333,100589400
2022-03-30,174.17628479003906,175.97908457885987,173.12790825883917,174.9405154603071,92633200
2022-03-31,171.0801544189453,174.4310152677539,170.87439311711938,174.24485383998842,103049300
2022-04-01,170.78623962402344,171.34472398421482,168.46415506398156,170.5119011506989,78751300
2022-04-04,174.83277893066406,174.88177115423625,170.91364025013027,171.04101704135246,76468400
2022-04-05,171.52105712890625,174.695564012496,170.89399570193683,173.9117334912033,73401800
2022-04-06,168.35638427734375,170.11999949152553,166.69075350018778,168.87566890286308,89058800
2022-04-07,168.6601104736328,169.85544881098227,166.41641045043957,167.69992580849703,77594700
2022-04-08,166.65155029296875,168.30738857225097,165.77954264267717,168.30738857225097,76575500
2022-04-11,162.3992919921875,165.61298417615765,162.1543458504195,165.29946088886413,72246700
2022-04-12,164.2706756591797,166.4359910689201,163.27129126604743,164.62339868320723,79265200
2022-04-13,166.9552764892578,167.58233798502656,163.39866884231074,164.00613046155772,70618900
2022-04-14,161.94857788085938,167.80770011623432,161.70363174912274,167.17083120352376,75329400
2022-04-18,161.73304748535156,163.23211669383912,160.2633706181813,160.60628625032533,69023900
2022-04-19,164.0159454345703,164.42746814637917,160.59650655333354,161.68406811950865,67723800
2022-04-20,163.84934997558594,165.46600329408383,162.74220370933205,165.34841899344127,67929800
2022-04-21,163.05575561523438,168.06245565058305,162.5560708382442,165.49542471534926,87227800
2022-04-22,158.51934814453125,164.4764404677371,158.2352171809879,163.09495550660975,84882400
2022-04-25,159.58729553222656,159.87142644375086,155.25665006996203,157.8628653370747,96046400
2022-04-26,153.63023376464844,159.0582340646371,153.55184919980582,158.97005703556184,95623200
2022-04-27,153.4048614501953,156.55975368530983,152.2389155403168,152.7582001127346,88063200
2022-04-28,160.33193969726562,161.19415486672693,155.717147988404,156.030686213781,130216800
2022-04-29,154.46299743652344,162.84015665375182,154.07108967503086,158.56829627206238,131747600
2022-05-02,154.76678466796875,155.0313157503038,150.17159242252777,153.5420538968097,123055300
2022-05-03,156.2560272216797,157.46117291588328,153.15991957685017,154.95291204808,88966500
2022-05-04,162.663818359375,163.11451083359574,156.040465917951,156.4421811299961,108256500
2022-05-05,153.60081481933594,160.76303686900772,151.8175999162394,160.5376906280676,130525300
2022-05-06,154.32693481445312,156.44638259515347,151.28513392702433,153.0807759379822,116124600
2022-05-09,149.2049102783203,152.90412873322438,148.6456204167706,152.02101820173502,131577900
2022-05-10,151.60894775390625,153.79708852885074,150.05861170075954,152.59999379126018,115366700
2022-05-11,143.7493438720703,152.53129738037643,143.07229678522884,150.6179132038416,142689800
2022-05-12,139.88330078125,143.45495579096956,136.19390367446763,140.08936442340104,182602000
2022-05-13,144.34788513183594,145.31930242919321,140.422988536555,141.8751960845671,113990900
2022-05-16,142.80735778808594,144.75019240669823,141.47289233038416,142.81717961196202,86643800
2022-05-17,146.43789672851562,146.95794432736452,143.92595034164182,146.06502676243824,78336300
2022-05-18,138.17596435546875,144.59316242526515,137.27322514239307,144.09274359887067,109742900
2022-05-19,134.77113342285156,139.00020681352638,134.03521536260072,137.2536291483144,136095600
2022-05-20,135.006591796875,138.0581987019196,130.12010100370028,136.47842763585558,137426100
2022-05-23,140.4229736328125,140.57015125059797,135.0654837610607,135.20285452842407,117726300
2022-05-24,137.724609375,139.3043807072169,134.75150167714628,138.1661572066265,104132700
2022-05-25,137.88160705566406,139.12775081330722,135.7425308510417,135.83083742178036,92482700
2022-05-26,141.08041381835938,141.62989697300142,134.56508575048807,134.8103917996885,90601500
2022-05-27,146.83038330078125,146.8696256795322,142.5326166713653,142.6601806038178,90978500
2022-05-31,146.04539489746094,147.8312299883083,144.08294665114528,146.27108722583742,103718400
2022-06-01,145.9178466796875,148.8909545900905,144.90717205322113,147.08549081541827,74286600
2022-06-02,148.37088012695312,148.42975116841052,144.10254995382152,145.05433838348728,72348100
2022-06-03,142.6503448486328,145.19171132509297,141.74762059734428,144.14179449565412,88570300
2022-06-06,143.39605712890625,145.78043894130977,142.179334128492,144.26934578263374,71598400
2022-06-07,145.9178466796875,146.20239508903217,141.39440285018887,141.63970888221743,67808200
2022-06-08,145.1819305419922,147.0560572730291,144.69131847131706,145.79028471849585,53950200
2022-06-09,139.96180725097656,145.17210490927135,139.85387199936835,144.31844471982856,69473000
2022-06-10,134.55526733398438,138.11710068108783,134.48657445941151,137.6461172993445,91437900
2022-06-13,129.40383911132812,132.6614953380435,128.97209811172078,130.37524138815306,122207100
2022-06-14,130.26730346679688,131.3760914682962,129.01133784221852,130.63036655754385,84784300
2022-06-15,132.88717651367188,134.7613181921413,129.67858439406757,131.76858160626196,91533000
2022-06-16,127.61798095703125,129.90423449299203,126.61712836390117,129.60005747260172,108123900
2022-06-17,129.08982849121094,130.58129318016776,127.37268647196602,127.62781429709099,134520300
2022-06-21,133.31890869140625,134.48656772231706,130.8167993077871,130.91491273074396,81000500
2022-06-22,132.80870056152344,135.17343948860204,131.395735327504,132.2592024365102,73409200
2022-06-23,135.6738739013672,135.98785785879153,133.08344262037107,134.25110181028134,72433800
2022-06-24,139.00021362304688,139.24551965514786,137.1457006192552,137.27324957478913,89116800
2022-06-27,139.00021362304688,140.79585557470105,138.32316657888146,140.02068012877845,70207900
2022-06-28,134.8594207763672,140.72713574825013,134.74167869464102,139.46136345282662,67083400
2022-06-29,136.61582946777344,138.02879459026983,134.1038981265762,134.87907356263912,66242400
2022-06-30,134.15296936035156,135.77198324759192,131.25836106107414,134.67301697127326,98964500
2022-07-01,136.32144165039062,136.42937688810812,133.11284998534265,133.48570492012948,71051600
2022-07-05,138.9020538330078,138.95111802279916,134.3589823539813,135.18322181452564,73353800
2022-07-06,140.2364959716797,141.41396147233877,138.43104787251667,138.69598247615798,74064300
2022-07-07,143.60214233398438,143.79838414491758,140.58977738452884,140.59958423477383,66253700
2022-07-08,144.2791748046875,144.77960864232728,142.27748437099987,142.53259722881296,64547800
2022-07-11,142.1499481201172,143.88671918371236,141.08041731246487,142.9349304914586,63141600
2022-07-12,143.121337890625,145.66270453987497,142.32654882035914,143.0232094985196,77588800
2022-07-13,142.75830078125,143.7002675399076,139.45156535802397,140.3052405126538,71185600
2022-07-14,145.68231201171875,146.1532952862436,140.56032211285975,141.3747397374832,78140700
2022-07-15,147.3504180908203,148.02746510063992,145.4174054581408,146.96774129904725,76259900
2022-07-18,144.30860900878906,148.7241166459646,143.94554597746492,147.9096989962109,81420900
2022-07-19,148.16485595703125,148.3905333334654,144.1516525247905,145.14268358851726,82982400
2022-07-20,150.16653442382812,150.83377461851506,147.5466677906739,148.28258588894056,64823400
2022-07-21,152.4331817626953,152.6490522792443,149.08720372847873,151.59913522400217,65086600
2022-07-22,151.19679260253906,153.34567541649065,150.52956751320949,152.47238671293337,66675400
2022-07-25,150.0782012939453,152.1289557716175,149.4207830391442,151.11829629325123,53623900
2022-07-26,148.75355529785156,150.21556938623502,147.96857315136768,149.4011517193333,55138700
2022-07-27,153.8461151123047,154.37598449377768,149.3030578563077,149.71517016840275,78620700
2022-07-28,154.3956298828125,154.68017830567564,151.51082841353704,154.03256675700305,81378700
2022-07-29,159.45870971679688,160.5576907977121,156.5052308137223,158.21256599444197,101786900
2022-08-01,158.47747802734375,160.51842568191043,157.8691239569894,157.9868660422736,67829400
2022-08-02,157.0056610107422,159.36060780651525,156.63280603827062,157.0939825576486,59907000
2022-08-03,163.01075744628906,163.4621121282082,157.73176722636683,157.82007379818262,82507500
2022-08-04,162.69676208496094,164.05085610462757,161.3426680652943,162.89300390623217,55474100
2022-08-05,162.4707794189453,162.96207295817032,160.1616937873522,160.36804367078585,56697000
2022-08-08,161.99911499023438,164.88792318870864,161.34078349494277,163.47299550022427,60276900
2022-08-09,162.04824829101562,162.93258559805665,160.40732977942574,161.16392597706255,63135500
2022-08-10,166.2930450439453,166.39129475740782,163.99377985120265,164.76019658442047,70170500
2022-08-11,165.55612182617188,168.01258981282774,165.26134266915503,167.0987759253846,57149200
2022-08-12,169.10324096679688,169.1720142653812,166.45024387983412,166.86294364369544,68039400
2022-08-15,170.1742706298828,170.37078506094434,168.36631387517275,168.53335189122956,54091700
2022-08-16,170.01705932617188,170.6852264080059,168.6709196812625,169.77141253005902,56377100
2022-08-17,171.5105438232422,173.0826738438294,169.56502598846322,169.76154036690085,79542000
2022-08-18,171.11753845214844,171.8544787813878,170.1054749327735,170.72450960712317,62290100
2022-08-19,168.53334045410156,170.71468497495962,168.32699056998192,170.01704154998163,70346300
2022-08-22,164.65208435058594,166.90220162235454,164.229564212019,166.73516365834425,69026800
2022-08-23,164.31800842285156,165.77224787707962,163.74810620318166,164.1706263803019,54147100
2022-08-24,164.61279296875,165.18269520734955,163.35508285359487,164.40645810232692,53841500
2022-08-25,167.06927490234375,167.17736007756102,165.41853585512217,165.84104108991514,51218200
2022-08-26,160.77090454101562,168.07153485537452,160.71195171096292,167.59989722186273,78961000
2022-08-29,158.5699005126953,160.06342201093398,157.03706713692557,158.34389469961232,73314000
2022-08-30,156.14292907714844,159.72936621122975,154.9736479587286,159.30686092942906,77906200
2022-08-31,154.48233032226562,157.78382326299328,154.403721562595,157.51852057324083,87991100
2022-09-01,155.20944213867188,155.66142374222144,151.97672265788725,153.91242016030444,74229900
2022-09-02,153.09689331054688,157.56766760419046,152.2715237467297,156.9682888748041,76957800
2022-09-06,151.83917236328125,154.35459275815265,151.0138028574181,153.7453935980758,73714800
2022-09-07,153.2442626953125,153.94189101263512,150.9351774352468,152.1241142058328,87449600
2022-09-08,151.77041625976562,153.63732582875608,150.0213973567108,151.94727474830393,84923800
2022-09-09,154.6296844482422,155.07186051566396,152.0553117546105,152.76277547078314,68028800
2022-09-12,160.58419799804688,161.39974706706778,156.52612358553827,156.81106723949068,104956000
2022-09-13,151.1611785888672,157.7445084078153,150.6993615052029,157.11565333541313,122656600
2022-09-14,152.60557556152344,154.3644145838136,150.93518075875835,152.0946261536245,87965400
2022-09-15,149.71678161621094,152.5368165999088,148.74403004784534,151.9570788549336,90481100
2022-09-16,148.0758819580078,148.7145726076231,145.78645207689314,148.57701100499813,162278800
2022-09-19,151.79005432128906,151.86866309017464,146.50374580326707,146.71008070263835,81474200
2022-09-20,154.16793823242188,155.32739901921212,150.41446261928672,150.7288827524741,107689800
2022-09-21,151.04331970214844,155.97591210528554,150.92541402491634,154.6002809008446,101696800
2022-09-22,150.08033752441406,151.78020876552435,148.28220159016286,149.7266056194288,86652500
2022-09-23,147.81056213378906,148.8324610577634,145.97312915554878,148.55733788432917,96029900
2022-09-26,148.1446533203125,151.09241446222893,147.03432515906897,147.05398109807987,93339400
2022-09-27,149.11740112304688,152.02586530633175,147.33892101138343,150.08034720002962,84442700
2022-09-28,147.2308349609375,148.01690757279204,142.31789987820665,145.06914652315353,146691400
2022-09-29,139.99899291992188,144.16516723784525,138.2303333041484,143.55596808972413,128138200
2022-09-30,135.7935333251953,140.60821907927374,135.59701890511008,138.8199033723931,124925300
2022-10-03,139.96949768066406,140.57871173992285,135.29238954196313,135.80333891625202,114311700
2022-10-04,143.55596923828125,143.67387488258018,141.7479977315321,142.504593932989,87830100
2022-10-05,143.85073852539062,144.81368463210958,140.51976901629106,141.56132388640066,79471000
2022-10-06,142.89767456054688,144.9709345187782,142.69133960820216,143.2710625603429,68402200
2022-10-07,137.65061950683594,140.60821619318722,137.02176437961742,140.05795483791823,85925600
2022-10-10,137.974853515625,139.4192574875598,136.15707670936632,137.974853515625,74899000
2022-10-11,136.55995178222656,138.88869341854974,135.8131909792421,137.46393012049913,77033700
2022-10-12,135.93106079101562,137.91589041966,135.75420235526866,136.70731279613284,70433700
2022-10-13,140.5001220703125,141.08966528093347,132.0302118420066,132.63942598399592,113224000
2022-10-14,135.9704132080078,142.00349764686453,135.78371925254498,141.79714775053986,88598000
2022-10-17,139.9302215576172,140.41167960335844,137.82748592791265,138.61355854500806,85250900
2022-10-18,141.2469024658203,144.14553155258784,138.1615794221166,142.95660950013638,99136600
2022-10-19,141.35498046875,142.42599680685538,139.03607431855443,139.22276826600364,61758300
2022-10-20,140.89315795898438,143.34962560942563,140.16603813694184,140.52960554450746,64522000
2022-10-21,144.70559692382812,145.27549920361895,140.1660346242772,140.38220497154572,86548600
2022-10-24,146.84765625,147.6140730780798,143.45773335763306,144.6270145421138,75981900
2022-10-25,149.6873016357422,149.83469868322362,146.75919654145045,147.47648086131204,74732300
2022-10-26,146.7493896484375,149.3434189974195,145.46218795090752,148.33135548203074,88194300
2022-10-27,142.2786102294922,146.45460526216635,141.6202786941001,145.49167413504986,109180200
2022-10-28,153.0281219482422,154.75746986477446,145.24603383421282,145.619406740808,164762400
2022-10-31,150.66990661621094,151.55424402730603,149.27463469355658,150.49304812984573,97943200
2022-11-01,148.0267333984375,152.74315424703352,146.5332118743015,152.3796018355527,80379300
2022-11-02,142.50460815429688,149.5202795588878,142.47513174028055,146.35634784769096,93604600
2022-11-03,136.46170043945312,140.31344004952294,136.33395931941936,139.58632020230726,97918500
2022-11-04,136.19595336914062,140.41823769444377,132.25908536615194,139.84739003185524,140814800
2022-11-07,136.72743225097656,136.95379796987663,133.52872680415337,134.94600177423487,83374600
2022-11-08,137.2982635498047,139.19779504119253,135.31999290082103,138.1939045722533,89908500
2022-11-09,132.74136352539062,136.36329048249235,132.4657839221066,136.31407662091405,74917800
2022-11-10,144.55194091796875,144.55194091796875,137.298266687944,139.0108096143879,118854000
2022-11-11,147.33729553222656,147.64240042758996,142.09141663457416,143.51854343102002,93979700
2022-11-14,145.93968200683594,147.9081158240503,145.10309162733654,146.6187940766482,73374100
2022-11-15,147.6719207763672,151.16589433590542,146.2152837355369,149.81752177217496,89868300
2022-11-16,146.441650390625,147.50460662223392,144.96532479416157,146.77629560614008,64218300
2022-11-17,148.3411865234375,149.0891860323431,143.8433076526517,144.11888720950952,80389400
2022-11-18,148.9021759033203,150.28992540848853,147.60301733738748,149.90608139833125,74829600
2022-11-21,145.6739501953125,147.99670287508093,145.3885338782466,147.790025718782,58724100
2022-11-22,147.80972290039062,148.0459404204949,144.6110171948753,145.79208977743497,51804100
2022-11-23,148.68565368652344,149.43365312101446,146.98294764352303,147.09121210280074,58301400
2022-11-25,145.77239990234375,146.5302512983949,144.7980195359923,145.9692403249909,35195900
2022-11-28,141.94378662109375,144.32559012136235,141.11704788902577,142.8492645206864,69246000
2022-11-29,138.94192504882812,142.52447466230237,138.13487484288268,142.01267756953146,83763800
2022-11-30,145.69366455078125,146.3727767919922,138.3317244213744,139.16829999405587,111380900
2022-12-01,145.96922302246094,146.7762881829984,144.29605710134743,145.87081033178356,71250400
2022-12-02,145.47711181640625,145.66411544857186,143.35119950014382,143.65631938407483,65447400
2022-12-05,144.3157501220703,148.53803463745106,143.46932286260514,145.4377569527139,68826400
2022-12-06,140.65443420410156,144.97514559227898,139.68005411221395,144.74877992089566,64727200
2022-12-07,138.71554565429688,141.10718574311466,137.7903792762826,139.9458168978351,69721100
2022-12-08,140.39852905273438,141.25480793302907,138.8730049343077,140.11311277127444,62128300
2022-12-09,139.9163055419922,143.2724894333561,138.6761823933455,140.09345741010685,76097000
2022-12-12,142.2095184326172,142.21935519606154,138.8336463442299,140.44776160871248,70462700
2022-12-13,143.174072265625,147.60304951034107,141.96348935709867,147.14046624112265,93886200
2022-12-14,140.94969177246094,144.34523666229705,138.93204436842734,143.05591508244834,82291200
2022-12-15,134.34561157226562,139.5619643292127,133.88302841156911,138.88285224146853,98931900
2022-12-16,132.3870391845703,135.47748033551235,131.6193510336839,134.53264031194206,160156900
2022-12-19,130.28077697753906,133.06611240851234,129.24736132043492,132.9775364981246,79592600
2022-12-20,130.2119140625,131.14691722297425,127.83994745250583,129.31627297471567,77432800
2022-12-21,133.31219482421875,134.6507305969255,130.65481182459862,130.88117753836192,85928000
2022-12-22,130.14303588867188,132.43626376220547,128.24350390512237,132.2295865606811,77852100
2022-12-23,129.77883911132812,130.32999816428637,127.59387642427377,128.85367283616628,63814900
2022-12-27,127.9777603149414,129.3359848460805,126.6884381958862,129.30645953174815,69007800
2022-12-28,124.05070495605469,128.96194542125178,123.88338987714543,127.62340977201893,85438400
2022-12-29,127.56439208984375,128.4206562494189,125.71406645421771,125.9699575201466,75703700
2022-12-30,127.87930297851562,127.89899152283257,125.41876807644428,126.38330400552722,77034200
2023-01-03,123.09601593017578,128.83399514878522,122.21021915687207,128.2237854341601,112117500
2023-01-04,124.36566925048828,126.62937150933897,123.10587260552037,124.8873030948284,89113600
2023-01-05,123.04682159423828,125.7534186864637,122.79093054834856,125.12352032753697,80962700
2023-01-06,127.57421875,128.2336424206293,122.91887596059405,124.02120184221346,87754700
2023-01-09,128.09585571289062,131.30441322455866,127.83996466106093,128.4108124086458,70790800
2023-01-10,128.66671752929688,129.18835147296187,126.09790989326439,128.2041342180523,63896200
2023-01-11,131.38311767578125,131.40279120059512,128.40094170907022,129.17846644203894,69458900
2023-01-12,131.30438232421875,132.14095769176564,129.36547379890666,131.76696547602162,71379600
2023-01-13,132.63308715820312,132.79056549396478,129.58202324711493,129.94617875784812,57809700
2023-01-17,133.79446411132812,135.12314807764807,132.01303370787318,132.7019826183309,63646600
2023-01-18,133.07601928710938,136.42235188734438,132.89885237502273,134.66060964016515,69672800
2023-01-19,133.13507080078125,134.0995994948706,131.65874493478267,131.96384987754826,58280400
2023-01-20,135.6940155029297,135.84165708820683,132.1016288639502,133.14489665420894,80223600
2023-01-23,138.88287353515625,141.0579999020067,135.72353008280908,135.94005904305521,81760300
2023-01-24,140.28045654296875,140.90051809732327,138.0856567013407,138.0954934654877,66435100
2023-01-25,139.6210174560547,140.18201330953534,136.61915274790366,138.6663258108729,65799300
2023-01-26,141.6878662109375,141.97328249331738,139.6603668579937,140.91032647908082,54105100
2023-01-27,143.6267852783203,144.9062704324847,140.82177572822627,140.90051489349364,70555800
2023-01-30,140.7430419921875,143.2527985417942,140.59541543784155,142.6721140707524,64015300
2023-01-31,142.01266479492188,142.06187864867766,140.03439402480078,140.4477633640219,65874500
2023-02-01,143.1347198486328,144.2961041135033,139.0896010182318,141.69777094930987,77663600
2023-02-02,148.43963623046875,148.79393998354684,145.83145179927072,146.54992610628193,118339000
2023-02-03,152.06150817871094,154.89605760293438,145.4967833818238,145.69362375451536,154357300
2023-02-06,149.33523559570312,150.68362304726807,148.40023248441526,150.16198925829823,69858300
2023-02-07,152.2091522216797,152.77999988075524,148.2624474794368,148.2624474794368,83322600
2023-02-08,149.5222625732422,152.14028370808583,148.7840997356859,151.45133472995892,64120100
2023-02-09,148.48878479003906,151.89418154841005,148.04589023070798,151.3528593012469,56007100
2023-02-10,148.85354614257812,149.1788354914484,147.08911426452642,147.32569243849323,57450700
2023-02-13,151.6529998779297,152.05713357186568,148.76483299254943,148.79440338379132,62199000
2023-02-14,151.01226806640625,151.5741355635304,148.7056873791277,149.9476888936107,61707600
2023-02-15,153.11184692382812,153.27941747242824,150.69683660205456,150.92354792770303,65573800
2023-02-16,151.51499938964844,154.09758049199988,151.16013965459408,151.31784339392544,68167900
2023-02-17,150.3715362548828,150.8151070910907,148.69581585093724,150.17439533222245,59144100
2023-02-21,146.3596649169922,149.1394018439348,146.29067235544917,148.05510409777494,58867200
2023-02-22,146.7835235595703,147.80866542554767,145.0585140913541,146.74408634882758,51011300
2023-02-23,147.26649475097656,148.19307353450165,145.13735195408904,147.9466436470061,48394200
2023-02-24,144.61495971679688,145.0881010134071,143.6390916917033,145.00924162382364,55469600
2023-02-27,145.80767822265625,147.03982803359767,145.344388690471,145.6006854773172,44998500
2023-02-28,145.30496215820312,146.95111245136155,144.73324285815977,144.9501024216552,50547000
2023-03-01,143.2349395751953,145.1275197577975,142.93922063146897,144.73323786008925,55479000
2023-03-02,143.82638549804688,144.6149643784106,141.8450789930105,142.31823534576338,52238100
2023-03-03,148.87326049804688,148.9521198871165,145.22610023869615,145.9259528752422,70732300
2023-03-06,151.6332550048828,154.06798373466975,151.26854354881283,151.59381779613093,87558000
2023-03-07,149.4351043701172,151.83039589059405,148.9718149331636,151.50510660246357,56182000
2023-03-08,150.68698120117188,151.278419098267,149.66183922588297,150.62784041964048,47204800
2023-03-09,148.43955993652344,152.3331506331596,148.08470016179072,151.36714931784533,53833600
2023-03-10,146.37937927246094,148.78453780981002,145.5020893181875,148.06496662146847,68572400
2023-03-13,148.3212432861328,150.95311305935627,145.59079552733544,145.69922529511118,84457100
2023-03-14,150.4109649658203,151.2093955139033,147.95653254628945,149.11967456920323,73695900
2023-03-15,150.8052520751953,151.0615337650689,147.77908558210245,149.03095372752588,77167900
2023-03-16,153.62440490722656,154.22569446185167,149.4745187940127,149.98709719489494,76161100
2023-03-17,152.78659057617188,154.50174868510317,152.07687101667568,153.8511699154162,98944600
2023-03-20,155.1522674560547,155.5662829465371,151.94867858194203,152.85555389921097,73641400
2023-03-21,157.0054168701172,157.12369840917287,154.30453974820858,155.0734148747329,73938300
2023-03-22,155.57614135742188,159.82459083880553,155.55642275206148,157.02515051318744,75701800
2023-03-23,156.660400390625,159.24299583165927,155.42825095683142,156.56183746045352,67622100
2023-03-24,157.9615936279297,158.0503047976887,155.59587218901564,156.5914437450547,59196500
2023-03-27,156.01971435546875,158.47416184588545,155.61556566491817,157.6560126824132,52390300
2023-03-28,155.398681640625,156.2266974968931,153.75253179068108,155.71411911746748,45992200
2023-03-29,158.4741668701172,158.75016719414856,157.074446643704,157.09415020907082,51305700
2023-03-30,160.0414581298828,160.1498879032855,158.96702721945866,159.22330893800608,49501700
2023-03-31,162.54518127441406,162.64375926608275,159.59788883873148,160.120319104618,68749800
2023-04-03,163.79705810546875,163.91533966892132,161.87490749491164,161.92419649331373,56976200
2023-04-04,163.26473999023438,164.45745226747852,162.7521615936014,164.22088919279193,46278300
2023-04-05,161.42144775390625,162.69303455117807,159.489445623491,162.38746386000238,51511700
2023-04-06,162.30860900878906,162.60432792623257,159.68659100348637,160.1104432538072,45390100
2023-04-10,159.71615600585938,159.71615600585938,157.79400566862077,159.11486640899105,47716900
2023-04-11,158.5037384033203,160.04145880285023,158.21787125365222,160.03160702009572,47644200
2023-04-12,157.81370544433594,159.74570733298748,157.49826796976373,158.91770652356539,50133100
2023-04-13,163.1957550048828,163.4323331532267,159.11487595150933,159.32188371142138,68445600
2023-04-14,162.85073852539062,163.94488786146843,161.48058891002177,162.2395821576286,49386500
2023-04-17,162.87049865722656,163.0282174547124,161.6876377578676,162.73249846964956,41516200
2023-04-18,164.09278869628906,165.01936778477705,163.28449117964493,163.72807715584273,49923000
2023-04-19,165.23619079589844,165.75862101045766,163.17602528319068,163.4323220199929,47720200
2023-04-20,164.27017211914062,165.47275128415967,163.19574132050678,163.71817152684758,52456400
2023-04-21,162.66346740722656,164.0730393438838,162.14103717495192,162.69303779464673,58337300
2023-04-24,162.9690704345703,163.2352190150396,161.54963139325648,162.64378106752824,41949600
2023-04-25,161.4313507080078,163.93507261234095,161.3919134894812,162.8310711478655,48714100
2023-04-26,161.42144775390625,162.91974586384254,160.47516529354857,160.73144699304368,45498800
2023-04-27,166.00511169433594,166.1529636805476,162.83109203591238,162.83109203591238,64902300
2023-04-28,167.25689697265625,167.42448254310634,165.48261369922477,166.08390326571939,55275900
2023-05-01,167.16819763183594,168.0159171618742,166.23176694003394,166.86262693627947,52472900
2023-05-02,166.13320922851562,167.91737470896658,165.1474894240389,167.66107793363267,48425700
2023-05-03,165.0587615966797,168.47921017635485,164.77290950021637,167.07949000013943,65136000
2023-05-04,163.42245483398438,164.65460440159984,161.96359395737636,162.53531316165655,81235400
2023-05-05,171.0913848876953,171.8109560965244,168.32149974515366,168.5383592942621,113453200
2023-05-08,171.02235412597656,171.36736200944458,169.65220445536363,170.0169159017989,55962800
2023-05-09,169.3170623779297,171.0617752659888,169.14949184838724,170.57878228109809,45326900
2023-05-10,171.08151245117188,171.54480192353225,169.44521410372417,170.5492304195713,53724500
2023-05-11,171.26881408691406,172.09681510347738,169.71137500858376,171.36739208260082,49514700
2023-05-12,170.3409423828125,171.8116866019269,168.79121464447562,171.3773676163626,45533100
2023-05-15,169.847412109375,170.97268634600138,169.2551561693846,170.92332917405315,37266700
2023-05-16,169.847412109375,170.903583292935,169.58089543020992,169.76844364659667,42110300
2023-05-17,170.45941162109375,170.69630196545663,168.21872838992437,169.4920742376562,57951600
2023-05-18,172.7889404296875,172.97648867280256,170.3508433925847,170.76541658498283,65496700
2023-05-19,172.89747619628906,174.11158416944232,172.68031671339108,174.11158416944232,55809500
2023-05-22,171.94989013671875,172.45331220735133,171.2095777379714,171.73273062815065,43570900
2023-05-23,169.343994140625,171.140492823502,169.06761204505847,170.89372201948225,50747300
2023-05-24,169.62037658691406,170.19288666082696,168.317434571077,168.88006417332414,45143500
2023-05-25,170.75555419921875,171.6537886011476,169.47234283142473,170.1830440486123,56058300
2023-05-26,173.1640167236328,173.49963649375093,170.873991291327,171.08128541223243,54835000
2023-05-30,175.00982666015625,176.67799941387813,174.2892602555298,174.6742220401047,55964400
2023-05-31,174.9605255126953,177.03340659281355,174.47684924421523,175.03949398887755,99625300
2023-06-01,177.76380920410156,177.79342049505456,174.64462268903534,175.40468096744894,68901800
2023-06-02,178.61270141601562,179.43198227661338,176.94452840385708,178.69166987914852,61996900
2023-06-05,177.26039123535156,182.56102285189482,175.7402747725204,180.27099781019854,121946500
2023-06-06,176.8951873779297,177.79342164547316,175.13816542041533,177.64536518975015,64848400
2023-06-07,175.5231170654297,178.86932803839457,175.0295755351299,176.13510374325992,61944600
2023-06-08,178.23760986328125,178.50411146672758,175.16778069465795,175.60208462454239,50214900
2023-06-09,178.62257385253906,179.8761586114367,178.29683460490384,179.15559212759166,48900000
2023-06-12,181.41600036621094,181.51471470308874,178.6324337942364,178.92856174317663,54274900
2023-06-13,180.9422149658203,181.7713612206094,180.08345742062403,180.4388079672042,54929100
2023-06-14,181.573974609375,182.0082936822176,179.66891102186548,181.0014644735094,57462900
2023-06-15,183.60736083984375,184.1107829667957,181.40616927858855,181.58385210624687,65433200
2023-06-16,182.53143310546875,184.57470266619666,181.88983501651188,184.31805138125782,101256200
2023-06-20,182.6202392578125,183.69617128575536,182.0279984336963,182.0279984336963,49799100
2023-06-21,181.5838165283203,183.01508403325016,180.2315024183292,182.51166200493424,49515700
2023-06-22,184.58456420898438,184.63392138287654,181.29757524213758,181.36667829792557,51245300
2023-06-23,184.2686767578125,185.13731475683954,182.6202496908907,183.15328303090953,53117000
2023-06-26,182.8769073486328,185.6209974197008,182.83741558637178,184.4167547195407,48088700
2023-06-27,185.63087463378906,185.95661391553264,183.27174625542975,183.48890577659213,50730800
2023-06-28,186.8054962158203,187.44709427325768,185.17681495512898,185.50253915791174,51216800
2023-06-29,187.14111328125,187.6149240946042,186.49951518133068,186.63770623646846,46347300
2023-06-30,191.4645233154297,191.96793030893548,188.7895213028153,189.15475231695294,85213200
2023-07-03,189.97402954101562,191.37568580561538,189.28305928715224,191.27697146600818,31458200
2023-07-05,188.858642578125,190.48732393792235,188.15780683402295,189.09554798353173,46920300
2023-07-06,189.33245849609375,189.5397526306188,186.7561703019228,187.38790305527482,45094300
2023-07-07,188.2169952392578,190.18129599874976,187.78269133409245,188.93757673504143,46815000
2023-07-10,186.1737518310547,187.53593138541007,184.62402407003376,186.8153498480431,59922200
2023-07-11,185.65061950683594,186.85486227702734,184.18974051380027,186.71667122446578,46638100
2023-07-12,187.31878662109375,189.22385000348103,186.03557542450565,187.22993768452707,60750200
2023-07-13,188.07882690429688,188.72044002337208,187.32864909209994,188.03935020331573,41342300
2023-07-14,188.22689819335938,188.71055932283986,187.18059240914323,187.77283329330808,41616200
2023-07-17,191.48426818847656,191.81000743962883,189.33241906132668,189.421252931179,50520200
2023-07-18,191.22763061523438,191.8198865800326,189.93455398917624,190.85254922844402,48288200
2023-07-19,192.57992553710938,195.6694855056854,190.1615598085878,190.60575926840173,80507300
2023-07-20,190.63536071777344,193.93221460154035,190.0134935554866,192.57003512669965,59581200
2023-07-21,189.46075439453125,192.45161532627134,188.75991868585442,191.59285775033445,71951700
2023-07-24,190.2602996826172,192.3924031537896,189.76675804919924,190.91177825353577,45377800
2023-07-25,191.1190643310547,191.9284798692301,190.42810903120733,190.83281680029503,37283200
2023-07-26,191.98770141601562,193.11297577300414,190.82295035426253,191.1684204714641,47471900
2023-07-27,190.72421264648438,194.65279947329122,190.06286872536143,193.48804855415668,47460200
2023-07-28,193.300537109375,194.09020681344484,191.6323638132229,192.15551679155857,48291400
2023-07-31,193.91250610351562,193.9519978690126,192.73787459795656,193.52754422924545,38824100
2023-08-01,193.08334350585938,194.1888718595327,192.75760424557473,193.7052107356477,35175100
2023-08-02,190.0924835205078,192.65889079076135,189.37191700535638,192.52069974591456,50389300
2023-08-03,188.70068359375,189.8851803589987,188.22688789998924,189.09552588996192,61235200
2023-08-04,179.6392822265625,184.95966022717982,179.57017917093492,183.12368481919472,115956800
2023-08-07,176.5398406982422,180.7645556934903,175.0592158617292,179.77747246914834,97576100
2023-08-08,177.4775848388672,177.94151520653074,175.2862586525361,177.3690050706545,67823000
2023-08-09,175.88836669921875,178.59296516430098,174.72360063232372,178.53374257918168,60378500
2023-08-10,175.67120361328125,178.41529378720278,175.30598763799586,177.16169386807627,54686900
2023-08-11,175.73049926757812,176.5508864753638,174.5048729038775,175.2659575562626,52036700
2023-08-14,177.38116455078125,177.60849603671858,175.2560608313475,175.90841909398483,43675600
2023-08-15,175.3944549560547,177.40093867304276,174.99909450146933,176.80789799116474,43622600
2023-08-16,174.52462768554688,176.471793411816,174.45543132326716,175.07813825565708,46964900
2023-08-17,171.98440551757812,175.4537406821077,171.47042491030345,175.08803154260252,66062900
2023-08-18,172.46875,173.0716844916875,169.96805819399307,170.30411608587545,61172200
2023-08-21,173.8031005859375,174.08974972921308,171.7274356199635,173.04203097276417,46311900
2023-08-22,175.1769561767578,175.62174034186654,174.20831275998293,175.0089272735848,42038900
2023-08-23,179.02194213867188,179.44696895877536,176.2642675025049,176.45206899868776,52722800
2023-08-24,174.3368377685547,179.0021629998802,173.97111355320405,178.57713623123834,54945800
2023-08-25,176.54100036621094,177.07473842454561,173.78332608108835,175.3252527852027,51449600
2023-08-28,178.1027069091797,178.49806733287568,176.48170504077262,178.003859262239,43820700
2023-08-29,181.98716735839844,182.75813070921157,177.4206898063463,177.61837000977968,53003900
2023-08-30,185.47628784179688,185.67398314097,182.6000082560471,182.7976884731864,60813900
2023-08-31,185.69375610351562,186.92927641629686,185.3082743692093,185.6641048225717,60794500
2023-09-01,187.2653350830078,187.7199980774023,186.09899615427736,187.29498636168424,45766500
2023-09-05,187.50254821777344,187.7793035443977,185.43676200045883,186.09899903788357,45280000
2023-09-06,180.79119873046875,186.66239298088038,179.3678770840619,186.21759365485326,81755800
2023-09-07,175.50315856933594,176.14563807720947,171.5297216636145,173.1507234483217,112488800
2023-09-08,176.11598205566406,178.15213198996554,175.7305003611282,176.2840260730559,65551300
2023-09-11,177.2823028564453,178.21141635408188,175.2856982178241,177.98408488615974,58953100
2023-09-12,174.25778198242188,178.04341790139725,172.79493020499618,177.4108321261293,90370200
2023-09-13,172.1919708251953,175.24617287306006,171.96462426919445,174.46531572894506,84267900
2023-09-14,173.7042694091797,174.06009984649242,171.5692867853032,171.98441978182902,60895800
2023-09-15,172.9827117919922,174.45545734300367,171.80650919609533,174.43568479625586,109259500
2023-09-18,175.90838623046875,177.3020563269988,174.12923452022085,174.4356410488132,67257600
2023-09-19,176.99569702148438,177.54920768301113,175.07816717117066,175.4636488877364,51826900
2023-09-20,173.4571533203125,177.61837681135137,173.36818440563272,177.18347129792434,58436200
2023-09-21,171.91519165039062,174.25774788080986,171.84601037143327,172.52801984046553,63149100
2023-09-22,172.76524353027344,175.0287248458324,172.03382526857388,172.6466384244914,56725400
2023-09-25,174.0403289794922,174.92001880772483,172.13267784152856,172.18210166869468,46172700
2023-09-26,169.96803283691406,173.17049122867175,169.67150500159482,172.79490338049743,64588900
2023-09-27,168.4557647705078,171.03553164114703,167.0917606780329,170.62039864934732,66921800
2023-09-28,168.7127685546875,170.03724268196555,165.6783234920371,167.37840061261642,56294400
2023-09-29,169.22671508789062,171.06516950648842,168.3667828862352,170.027329658855,51861100
2023-10-02,171.73728942871094,172.28092127496365,168.94994891630552,169.2365980179806,52164500
2023-10-03,170.40293884277344,171.61870157072957,168.84125459232132,170.26456118455488,49594600
2023-10-04,171.64834594726562,172.19197782627828,168.98950418793981,169.10810929534875,53020300
2023-10-05,172.8838653564453,173.41760341955526,170.67968657288918,171.77682905786853,48527900
2023-10-06,175.4340057373047,175.92821386257307,171.17391902858174,171.78674735969838,57266700
2023-10-09,176.91659545898438,176.97589800927489,173.76354582426052,174.7618406122257,42390800
2023-10-10,176.3235321044922,177.63812721273464,175.88862664528037,176.0368980965743,43698000
2023-10-11,177.71725463867188,177.7666784703244,175.54274178428383,176.13578251800644,47551100
2023-10-12,178.61669921875,180.2278073787141,176.96603088257305,177.98411345020415,56743100
2023-10-13,176.77822875976562,179.82253713140665,176.07644667980117,179.31845034069394,51427100
2023-10-16,176.6497344970703,177.0055649122618,174.46532818230494,174.70255348644375,52517000
2023-10-17,175.097900390625,176.35319301979084,172.7751316803463,174.60369235668924,57549400
2023-10-18,173.8031005859375,175.5229501994882,173.08156098457755,173.5461178040648,54764400
2023-10-19,173.42750549316406,175.77992569036093,173.16062890788183,174.0007735918687,59302900
2023-10-20,170.8773651123047,173.3879351486228,170.6401398397108,173.27920878393786,64244000
2023-10-23,170.99598693847656,171.99428177951037,167.96154224302492,168.93020088937016,55980100
2023-10-24,171.430908203125,171.6582397062376,169.46395453488128,171.04542648826694,43816600
2023-10-25,169.1179962158203,171.05528327402416,168.6731969171006,169.88895954662036,57157000
2023-10-26,164.956787109375,169.39478149468584,163.7509180796386,168.39647143119544,70625300
2023-10-27,166.27134704589844,167.00278034322866,164.8974493569631,164.9765244498122,58499100
2023-10-30,168.31736755371094,169.18717852998205,166.91381853056686,167.06208999172168,51131000
2023-10-31,168.79183959960938,168.92032345051314,165.95507483465602,167.3882903979478,44846000
2023-11-01,171.95474243164062,172.2117251766134,168.14933458405196,169.01914553939386,56934900
2023-11-02,175.51307678222656,175.72063574409248,173.4275179386151,173.4868204991482,77334800
2023-11-03,174.60369873046875,174.77174274032964,171.34193765305042,172.22162738228718,79829200
2023-11-06,177.15380859375,177.35148879200258,174.16880291146146,174.33683183407777,63841300
2023-11-07,179.71383666992188,180.32664987384885,176.89684453064555,177.10440348202485,70530000
2023-11-08,180.77145385742188,181.32496456419335,179.4865096698249,180.23771569933098,49340300
2023-11-09,180.29698181152344,181.98716487212562,179.7039261272927,180.84061367506283,53763500
2023-11-10,184.48350524902344,184.6517706680945,181.64301825007877,182.07849676599454,66133400
2023-11-13,182.8999481201172,184.11729742228064,182.31601793716675,183.9094650326421,43627500
2023-11-14,185.5128173828125,186.17592689168708,184.38453902262373,185.7701387274506,60108400
2023-11-15,186.07691955566406,187.55160515956638,185.84928859059917,185.91857611582427,53790500
2023-11-16,187.7594757080078,188.9966236513369,186.7103615664657,187.6209157424311,54412900
2023-11-17,187.7397003173828,188.42260848281387,186.63122045575878,188.29394024819484,50922700
2023-11-20,189.4815673828125,189.93684445013852,187.92771748948175,187.93760923589429,46505100
2023-11-21,188.67990112304688,189.55085808280586,187.78916067013205,189.44198846283598,38134500
2023-11-22,189.34303283691406,190.9463718813115,188.8679722130009,189.52119000957208,39617700
2023-11-24,188.01678466796875,188.93721542830764,187.30418629136327,188.9075250877743,24048300
2023-11-27,187.83863830566406,188.70959528304604,186.95778958150402,187.96730652329646,40552600
2023-11-28,188.44236755371094,189.11538388382388,187.45264920500045,187.82874701011957,38415400
2023-11-29,187.42295837402344,190.11499348364924,187.02707707633283,188.93722623545,43014200
2023-11-30,187.99697875976562,188.36318478193425,186.2550800746654,187.888109148078,48794400
2023-12-01,189.2737579345703,189.59045997908729,187.28441422563267,188.3731105390764,45704800
2023-12-04,187.48233032226562,188.09596593756666,185.52269231677565,188.02667840765253,43389500
2023-12-05,191.4313201904297,192.40123993854135,188.22462732075607,188.25433276481266,66628400
2023-12-06,190.34262084960938,192.7575206909756,190.1347733725338,192.45071045016567,41089700
2023-12-07,192.2725830078125,192.99507315570867,191.59956669458757,191.63916388460834,47477700
2023-12-08,193.69775390625,193.97487379172213,191.67872033849463,192.20326977184553,53406400
2023-12-11,191.1937713623047,191.5005967167582,189.4518726145205,191.12449893522992,60943700
2023-12-12,192.7080535888672,192.71794533501543,189.748790485074,191.09480795445688,52696900
2023-12-13,195.92465209960938,195.96423418895137,192.8466274130704,193.08415015292962,70404200
2023-12-14,196.07310485839844,197.567574144968,194.14315707722483,195.98403383047588,66831600
2023-12-15,195.5386505126953,196.36010340669733,194.97450383643803,195.4990533238864,128538400
2023-12-18,193.8759307861328,194.6083278162061,192.39135323196817,194.07387143964067,55751900
2023-12-19,194.91514587402344,194.9250376214273,193.87593852424982,194.14316672319833,40714100
2023-12-20,192.82681274414062,195.64750075817219,192.82681274414062,194.87552171417178,52242800
2023-12-21,192.6783447265625,195.0536776254948,191.51048442189503,194.08375795359612,46482500
2023-12-22,191.6094970703125,193.40088504018271,190.98596961710052,193.173238924369,37149600
2023-12-26,191.06512451171875,191.89648427525853,190.84738527337694,191.6193643540786,28919300
2023-12-27,191.16407775878906,191.51048519395766,189.12526053943682,190.51087517820892,48087700
2023-12-28,191.5896759033203,192.65857351066379,191.18388776405135,192.14391575114956,34049900
2023-12-29,190.5504608154297,192.40122918172025,189.758683164504,191.9063700376295,42672100
2024-01-02,183.73129272460938,186.50250680575422,181.99928581163158,185.2257618242656,82488700
2024-01-03,182.3555908203125,183.96883642924203,181.5440145919006,182.32590048043423,58414500
2024-01-04,180.0396728515625,181.2075332827541,179.02026413555495,180.277195595857,71983600
2024-01-05,179.31716918945312,180.88092604513352,178.31755906038765,180.11885376441708,62379700
2024-01-08,183.65213012695312,183.6917273170526,179.63387614033877,180.21780632812883,59144500
2024-01-09,183.2364501953125,183.24634194188326,180.85122540618832,182.0289926299427,42841800
2024-01-10,184.275634765625,184.48346713133998,182.02897021466416,182.45455689524942,46792900
2024-01-11,183.6818084716797,185.12680377786887,181.73206228896322,184.6220377994394,49128400
2024-01-12,184.0084228515625,184.8199990991005,183.28593272766105,184.14698280822722,40477800
2024-01-16,181.74195861816406,182.36547081733983,179.06970738606304,180.28707165025173,65603000
2024-01-17,180.80174255371094,181.04917214343425,178.44622312883942,179.40625114511818,47317400
2024-01-18,186.69056701660156,187.1953179109023,183.91935276727983,184.17667408756796,78005800
2024-01-19,189.59042358398438,189.97641309339812,186.87860527237555,187.3833561379468,68903000
2024-01-22,191.89646911621094,193.3216657993532,190.28322355100102,190.32282073770045,60133900
2024-01-23,193.17320251464844,193.7373491711095,191.83709192633378,193.01485907067706,42355600
2024-01-24,192.50021362304688,194.36088890095834,192.34185506707502,193.41075266703035,53631300
2024-01-25,192.17359924316406,194.2520137003454,191.124500268323,193.21280647175473,54822100
2024-01-26,190.4415740966797,192.75751105858055,189.966513589549,192.27255880614135,44594000
2024-01-29,189.75869750976562,190.22386634852867,187.63080907007364,190.03581744325376,47145600
2024-01-30,186.10662841796875,189.82797900977772,185.54249682198056,188.97682064057707,55859400
2024-01-31,182.5040283203125,185.1762795166647,182.45455449229945,185.11688373962707,55467800
2024-02-01,184.93878173828125,185.0278527702626,181.93004443231115,182.09829474891072,64885400
2024-02-02,183.93914794921875,185.40392677166545,177.4070012757119,178.01073002917815,102551700
2024-02-05,185.75035095214844,187.30421616342255,183.92927263345797,186.2155198305614,69668800
2024-02-06,187.3536834716797,187.36357521832525,184.8496972971495,184.93876832266957,43490800
2024-02-07,187.46253967285156,189.08567701882757,186.6707620426896,188.67988890685803,53439000
2024-02-08,186.3837432861328,187.5911856262693,185.42371540021887,187.44273393335544,40962000
2024-02-09,187.1468048095703,188.2765227675386,186.30446474496694,186.9485964735415,45155200
2024-02-12,185.46214294433594,186.9684387436886,185.10538907399385,186.72069342042812,41781900
2024-02-13,183.3711700439453,184.53063145226378,181.85496988989732,184.09459726813964,56529500
2024-02-14,182.4891815185547,183.85674041023526,180.79461213824646,183.64864282656313,54630500
2024-02-15,182.20181274414062,182.82613576875198,179.71445525689393,181.8946109768474,65434500
2024-02-16,180.66575622558594,183.18285660808291,180.03152894642872,181.76574581675234,49752500
2024-02-20,179.92254638671875,180.78469520216953,178.3766181157698,180.15046783149373,53665600
2024-02-21,180.6757354736328,181.24058700664372,179.03070272630967,180.2991577041748,41371400
2024-02-22,182.7071990966797,183.29188949706392,180.8144364958238,181.82522643308513,52292200
2024-02-23,180.8739013671875,183.3711632214272,180.58650833781007,183.34143499372246,45119700
2024-02-26,179.5261688232422,181.11172976770854,179.02075870271764,180.59643039937333,40867400
2024-02-27,180.98289489746094,182.2612539462515,177.94057546451762,179.4666949255866,54318900
2024-02-28,179.78379821777344,181.46846314665845,178.50543918901624,180.86396404098633,48953900
2024-02-29,179.11985778808594,180.92345088953732,177.9108594746495,179.63517226295397,136682600
2024-03-01,178.0396728515625,178.90182159301432,175.78023709238585,177.93066432277888,73563100
2024-03-04,173.52081298828125,175.30456703921072,172.22261492332544,174.56133114426578,81510100
2024-03-05,168.58572387695312,170.48840604509627,168.0902332564625,169.21995126633416,95132400
2024-03-06,167.59475708007812,169.69564777442116,167.1587228770791,169.5172632726602,68587700
2024-03-07,167.47581481933594,169.1902079797121,166.97041987504164,167.62445594378354,71765100
2024-03-08,169.1902313232422,172.13344696276567,167.41638146834518,167.47583792632756,76267000
2024-03-11,171.19200134277344,172.8073055285168,170.49831753088682,171.3802901891083,60139500
2024-03-12,171.6676788330078,172.4604668624585,169.4676992338398,171.58839851794536,59825400
2024-03-13,169.5866241455078,171.62804307697533,169.21995080494636,171.21183277143888,52488700
2024-03-14,171.43975830078125,172.73794133442243,170.49832912625453,171.35057361629615,72913500
2024-03-15,171.06317138671875,171.06317138671875,168.75418335618096,169.62625165850892,121752700
2024-03-18,172.15325927734375,176.107279800922,171.95506605696912,173.98658058844927,75604200
2024-03-19,174.4919891357422,175.0172080151,171.46949314620932,172.76767622994936,55215200
2024-03-20,177.05860900878906,177.05860900878906,173.51089450186836,174.1352174960067,53423100
2024-03-21,169.82443237304688,175.88924720546055,169.2992135808601,175.4532130863986,106181300
2024-03-22,170.7262420654297,171.48930183291895,168.52626256417108,170.21092760104455,71160100
2024-03-25,169.3091583251953,170.38932429506946,167.92177545566648,169.0316847755244,54288300
2024-03-26,168.17942810058594,169.87399750483326,168.0505957042821,168.4668059986792,57388400
2024-03-27,171.7469482421875,172.0343412561863,168.575811446925,168.87310882923745,60273300
2024-03-28,169.93345642089844,170.67669234048742,168.97220342186947,170.20102558587905,65672700
2024-04-01,168.4965362548828,169.70553455748254,167.9514935576168,169.6460781034487,46240500
2024-04-02,167.31727600097656,167.81276664190898,166.71277681419204,167.5551169522469,49329500
2024-04-03,168.11996459960938,169.14067408704202,167.05962251511946,167.2677201117247,47691700
2024-04-04,167.29747009277344,170.3695030458197,167.29747009277344,168.75419869027797,53704400
2024-04-05,168.05062866210938,168.85332118166758,167.42630553748577,168.060533032547,42104800
2024-04-08,166.93080139160156,167.67403738632925,166.72270378093583,167.50557237539863,37425500
2024-04-09,168.1397705078125,168.54607640984824,166.83168324813985,167.17851757917794,42373800
2024-04-10,166.266845703125,167.56502882108228,165.60289002910008,167.27765088979615,49709300
2024-04-11,173.4613494873047,173.87757491447604,166.64340884278624,166.8217782077108,91070300
2024-04-12,174.95774841308594,176.7514221146486,172.63885584160187,172.68839280877705,101670900
2024-04-15,171.13253784179688,175.03700600653332,170.94424900321735,173.7784557074799,73531800
2024-04-16,167.85240173339844,172.19288913903023,166.7524119884344,170.20102235595408,73711200
2024-04-17,166.48484802246094,169.11094225529814,166.48484802246094,168.08032842085646,50901200
2024-04-18,165.5334930419922,167.11906901091456,165.0479219314042,166.51456987389489,43122900
2024-04-19,163.5119171142578,164.89928490796945,162.60021611822233,164.71101115974596,68149400
2024-04-22,164.34429931640625,165.751490640931,163.28395741969712,164.02719323258373,48116400
2024-04-23,165.394775390625,165.54343166054898,163.4326366212621,163.8587664496344,49537800
2024-04-24,167.49566650390625,167.77314006308927,164.71101142134987,165.03802194946388,48251800
2024-04-25,168.35780334472656,169.07131105182287,166.63349053238153,168.0010494911784,50558300
2024-04-26,167.77313232421875,169.79472746518425,167.65420428921547,168.34790327634968,44838400
2024-04-29,171.93524169921875,174.44242297655094,171.53885525962073,171.80640930182136,68169400
2024-04-30,168.79380798339844,173.41178341278996,168.46678241475865,171.7667512024824,65934800
2024-05-01,167.77313232421875,171.1523820898212,167.58484346320657,168.05060587060277,50383100
2024-05-02,171.46946716308594,171.85594920671264,169.34876810707777,170.95415273119292,94214900
2024-05-03,181.7261505126953,185.313497878847,181.01264278710423,184.9666483851495,163224100
2024-05-06,180.0712127685547,182.53874644704828,178.79283846563771,180.70544017490002,78569700
2024-05-07,180.7550048828125,183.23245843176102,179.68475825630202,181.79553839760618,77305800
2024-05-08,181.0919189453125,181.4189445721307,179.81354466582562,181.20092748758523,45057100
2024-05-09,182.90542602539062,182.99461071341904,180.46760537105857,180.9135439323752,48983000
2024-05-10,181.6451416015625,183.669478466616,180.73220418072017,183.48093424482693,50759500
2024-05-13,184.85037231445312,185.6640864017181,183.20310853414878,184.01682262141375,72044800
2024-05-14,185.9915313720703,186.8548647149755,184.8602810891409,186.07091921634225,52393600
2024-05-15,188.26397705078125,189.18683240943687,185.9320062923224,186.46787049037354,70400000
2024-05-16,188.383056640625,189.6333963773736,188.20444533062346,189.0082265089993,52845200
2024-05-17,188.41281127929688,189.34559954047234,187.72810435814964,188.0555735439889,41282900
2024-05-20,189.57382202148438,190.44707314635468,187.5594028379898,187.87695420764547,44361300
2024-05-21,190.87379455566406,191.2508679069906,189.45476137627725,189.62345487533878,42309400
2024-05-22,189.43490600585938,191.3401840301744,188.8097513226368,190.79440205142186,34648500
2024-05-23,185.44577026367188,189.5341459487459,185.19768892080702,189.51429520164533,51005900
2024-05-24,188.52195739746094,189.11735863774422,186.59684388111853,187.37087155015982,36327000
2024-05-28,188.53189086914062,191.5187845976106,187.64872194997955,190.04021443649896,52280100
2024-05-29,188.82958984375,190.7745542503335,188.05557725890648,188.15481585355153,53068000
2024-05-30,189.82191467285156,190.70508365256933,189.16699143181853,189.29598343446253,49889100
2024-05-31,190.7745361328125,191.09208749217237,188.45249859880175,189.9707550742459,75158300
2024-06-03,192.5408935546875,193.49353258818425,191.04248767189634,191.41956102246726,50080500
2024-06-04,192.8584442138672,193.82100104656786,191.548567440495,193.1462119125533,47471400
2024-06-05,194.3667449951172,195.38883880770499,193.37441972917316,193.90035090878894,54156800
2024-06-06,192.98741149902344,194.99191275531385,192.67979309240934,194.1881317208236,41181800
2024-06-07,195.37893676757812,195.42855606321456,192.65004206608782,193.1561225415401,53103900
2024-06-10,191.6378631591797,195.7857909182053,190.6753063763642,195.3888517006261,97010200
2024-06-11,205.5601806640625,205.57011360777915,192.14395345618084,192.16378906024917,172373300
2024-06-12,211.4347686767578,218.51003809526938,205.3121079690946,205.77850209290926,198134300
2024-06-13,212.5957794189453,215.08651049080893,209.97604121171418,213.09194207290335,97862700
2024-06-14,210.85922241210938,213.5186471242216,209.67835280423736,212.20878551515116,70122700
2024-06-17,215.00714111328125,217.26964179829142,211.08745883873982,211.7324642876032,93728300
2024-06-18,212.6453857421875,216.95208913019513,211.36529274424583,215.9200623200828,79943300
2024-06-20,208.07077026367188,212.59578653831548,207.24715355520107,212.28815296354617,86172500
2024-06-21,205.89761352539062,210.26383945834172,205.52052500822026,208.77535128006048,241805100
2024-06-24,206.5426025390625,211.06760381745957,205.00449518251241,206.12582769938734,80727000
2024-06-25,207.46546936035156,209.75773850908567,207.0089930344414,207.54484206411715,55549700
2024-06-26,211.61337280273438,213.21101716086312,209.02340313251779,209.87680350658064,66213200
2024-06-27,212.4568634033203,214.0842763709762,210.7202940415425,213.04233172557286,49772700
2024-06-28,209.00355529785156,214.41174043740799,208.68601906723538,214.1140398112984,82542700
2024-07-01,215.0865020751953,215.84066382869798,210.29356920849017,210.4622626872336,60402900
2024-07-02,218.57949829101562,218.68865467979296,213.4491783018458,214.49110775455017,58046200
2024-07-03,219.84967041015625,219.84967041015625,217.34900644671097,218.3115631866412,37369800
2024-07-05,224.6029052734375,224.71206166235044,219.94889718329503,219.94889718329503,60412400
2024-07-08,226.07156372070312,226.1013322692385,221.53662969916704,225.34715532852172,59085900
2024-07-09,226.92495727539062,227.63943274976205,224.63268810415036,226.180713251394,48076100
2024-07-10,231.19195556640625,231.29119415797783,227.49058625437067,227.54020555015646,62627700
2024-07-11,225.823486328125,230.60648662367137,224.03729767642758,229.61416127735984,64710600
2024-07-12,228.77066040039062,230.8545495178413,226.92493479803437,227.16309831312876,53046500
2024-07-15,232.60105895996094,235.409341553401,231.30111515749465,234.66509753137677,62631300
2024-07-16,233.01785278320312,234.4567215545301,230.54695713829173,233.19646408342908,43234300
2024-07-17,227.12344360351562,229.6836449661141,224.9006292447048,227.6890612108438,57345900
2024-07-18,222.45948791503906,228.67145424701283,220.56415801938329,228.51267855827928,66034600
2024-07-19,222.58851623535156,225.05941202320642,221.56642224710646,223.09461189863717,49151500
2024-07-22,222.2412109375,226.03188622300922,221.3778775132773,225.26779139889447,48201800
2024-07-23,223.2831268310547,225.19832267550643,220.97100689389265,222.64803919770813,39960300
2024-07-24,216.86277770996094,223.0747441599071,215.46361045876344,222.280880842846,61777600
2024-07-25,215.8208465576172,219.15506035064124,212.97286249707204,217.24978234747041,51391200
2024-07-26,216.28724670410156,217.80550332568987,214.35220009781358,217.02155779536062,41601300
2024-07-29,216.5651092529297,217.61697179557376,214.0942134588753,215.29493390237633,36311800
2024-07-30,217.12078857421875,218.63904514115285,214.46134877521007,217.50779485320817,41643800
2024-07-31,220.3756103515625,222.10226187087767,218.93674165630796,219.7405227481965,50036300
2024-08-01,216.6841583251953,222.7571844619209,215.35444602521784,222.64802807062824,62501000
2024-08-02,218.17263793945312,223.86859053089324,216.03914463167754,217.46808032420208,105568600
2024-08-05,207.6639404296875,211.8614726265992,194.4957781490091,197.562059997048,119548600
2024-08-06,205.6395721435547,208.3783997216886,199.52685967053256,203.72439154098564,69660500
2024-08-07,208.209716796875,212.00039184379946,204.80603289763474,205.31211338628992,63516400
2024-08-08,211.6729278564453,212.55609685346144,207.22731432081122,211.4744658055274,47161100
2024-08-09,214.58045959472656,215.11630867247783,210.34322570654538,210.47223285968454,42201600
2024-08-12,216.11038208007812,218.07745621052726,214.19298467780987,214.65991863613397,38028100
2024-08-13,219.8259735107422,220.44192247615112,217.58071280084246,217.58071280084246,44155300
2024-08-14,220.27305603027344,221.57450454206742,218.2662343099079,219.13056699635618,41960600
2024-08-15,223.25347900390625,223.8793724762866,221.30626328939533,223.13426697458056,46414000
2024-08-16,224.57479858398438,225.34970708383625,222.19045191126241,222.45869413327577,44340200
2024-08-19,224.41583251953125,224.51518597934856,221.58442566604344,224.2469437652095,40687800
2024-08-20,225.0317840576172,225.68748051768907,223.97870407222223,224.29662301984854,30299000
2024-08-21,224.92251586914062,226.49220666639903,223.58133501497932,225.04174306182065,34765500
2024-08-22,223.06471252441406,226.84984597984075,222.43881906323927,226.30343225653021,43695300
2024-08-23,225.35963439941406,226.73063334528243,222.866020162344,224.187342377279,38677300
2024-08-26,225.69740295410156,225.79675641202357,222.4288803537143,225.28014571740593,30602200
2024-08-27,226.5418701171875,227.35652605602343,223.4223624308928,224.52511915345738,35934600
2024-08-28,225.0119171142578,228.35991942602843,224.20719049274723,226.43257756563742,38052200
2024-08-29,228.29037475585938,231.39995310375193,227.3863249726349,228.59836441740794,51906300
2024-08-30,227.50555419921875,228.8964117856607,225.99546942021698,228.68779072729976,52990800
2024-09-03,221.31622314453125,227.50556236517048,219.72665856650494,227.0585020648541,50190600
2024-09-04,219.40870666503906,220.33263007260953,216.06068946962992,220.21341806110573,43840200
2024-09-05,220.92874145507812,224.00850159902006,220.07435325324454,220.1836359939166,36615400
2024-09-06,219.37893676757812,223.77009004470926,218.33578603187902,222.48850009081283,48423000
2024-09-09,219.4683380126953,219.82598924771256,215.2957503769675,219.37892899374344,67180000
2024-09-10,218.67355346679688,220.03460793809228,215.31560663834654,217.49131703149231,51591000
2024-09-11,221.2069091796875,221.63409569372266,216.46803428284608,220.01474349397893,44587100
2024-09-12,221.31622314453125,222.09113170753596,218.3854776655558,221.0479809006569,37455600
2024-09-13,221.0479736328125,222.57791698251046,220.4618275881316,222.12092741382088,36766600
2024-09-16,214.90829467773438,215.80241517960704,212.52394807405793,215.126845002842,59357400
2024-09-17,215.3751983642578,215.48448109873988,213.10014982176025,214.3419921866889,45519300
2024-09-18,219.24977111816406,221.25659276615585,216.12031904206836,216.13026348358338,59894900
2024-09-19,227.3763885498047,228.32020097310811,223.16406850984052,223.52171975466862,66781300
2024-09-20,226.7107391357422,231.56882586153637,226.13452245924367,228.46919216926284,318679900
2024-09-23,224.99205017089844,227.95259834339626,224.33635371548323,225.8563676699032,54146000
2024-09-24,225.88616943359375,227.85325878901892,224.25687274556688,227.15781488965328,43556100
2024-09-25,224.8927001953125,225.80669443859438,222.55804543582803,223.462095237407,42308700
2024-09-26,226.0352020263672,227.00880227293717,223.9389713421174,225.81663654010723,36636700
2024-09-27,226.3034210205078,228.02214184296878,225.8166284941723,226.9690618971705,34026000
2024-09-30,231.4794464111328,231.4794464111328,228.15130238402674,228.53875664504176,54541900
2024-10-01,224.73374938964844,228.15128705136544,222.2798675150603,228.02214574584622,63285000
2024-10-02,225.30003356933594,225.8861795938886,221.56457676904253,224.41584231153624,32880600
2024-10-03,224.197265625,225.3298253274289,221.8626109260752,223.67072564154154,34044200
2024-10-04,225.3198699951172,226.51203557154693,222.6672966608185,226.41268212384122,37245100
2024-10-07,220.2432403564453,224.21713611955545,219.885589131397,223.0348997045567,39505400
2024-10-08,224.29661560058594,224.5052366387564,221.79305702807565,222.83620769655573,31855700
2024-10-09,228.0419921875,228.25062837641602,223.3627386107029,223.76012210676075,33591100
2024-10-10,227.54527282714844,228.00227752622936,225.68748134269669,226.29350107451606,28183500
2024-10-11,226.0650177001953,227.91287999534921,225.8563814846346,227.80359724609562,31759200
2024-10-14,229.79052734375,230.21771386522883,227.1081507143634,227.20748901369805,39882100
2024-10-15,232.32388305664062,235.9401275315396,230.853530735341,232.08544385770335,64751400
2024-10-16,230.2673797607422,230.60515724916505,228.34003796565733,230.0885617348273,34082200
2024-10-17,230.63499450683594,232.32391251820164,229.0156421145612,231.9066400773438,32993800
2024-10-18,233.46636962890625,234.6386615701971,232.4828249974097,234.6386615701971,46431500
2024-10-21,234.9366912841797,235.30428691612863,232.91994058587363,232.91994058587363,36254500
2024-10-22,234.32078552246094,234.67843677993508,231.0820656392084,232.36364046895116,38846600
2024-10-23,229.2540283203125,233.6054487889833,226.2736066643371,232.552368896012,52287000
2024-10-24,229.06527709960938,229.31364556669442,226.9193699057847,228.47911599629046,31109500
2024-10-25,229.89981079101562,231.69799621804017,228.07182235817814,228.2407111108546,38802300
2024-10-28,231.87681579589844,233.19813797949908,231.032372026897,231.7973512193415,36087100
2024-10-29,232.14505004882812,232.80074647701065,230.80386934668286,231.57877779482254,35417200
2024-10-30,228.59835815429688,231.94636045913163,228.05194445904854,231.09197226998216,47070900
2024-10-31,224.4357147216797,228.33013097812315,223.89923027313517,227.84332326136388,64370100
2024-11-01,221.4552764892578,223.87935529424118,218.83250593091054,219.5279346472888,65276700
2024-11-04,220.56114196777344,221.33605042122997,218.2761640538016,219.54780947276666,44944500
2024-11-05,221.99176025390625,222.48849724939907,219.69683776020295,220.3525342324639,28111300
2024-11-06,221.26651000976562,224.59465366535846,219.7464961432124,221.15722727351368,54561100
2024-11-07,225.99545288085938,226.39285156162418,223.10445516924474,223.16406118155706,42137700
2024-11-08,225.7269287109375,227.4176895436531,225.17991383614745,225.9357792784742,38328800
2024-11-11,223.01174926757812,224.47376393957063,220.29658566640109,223.77757009002366,42005600
2024-11-12,223.01174926757812,224.36436096493557,222.14648085284745,223.33001798502116,40398300
2024-11-13,223.89691162109375,225.4185978724207,221.54973296285615,222.79294167641658,48566200
2024-11-14,226.98008728027344,227.62654977508777,223.77758025105393,223.79747584076947,44923900
2024-11-15,223.77757263183594,225.68713943052106,223.0515429787679,225.16996034674554,47923700
2024-11-18,226.78118896484375,228.49184554998246,223.9466667273122,224.02623391451505,44633700
2024-11-19,227.03973388671875,228.90952454109907,225.42854034251505,225.7467938634959,36211800
2024-11-20,227.755859375,228.6807994670743,224.66275517557906,226.82096389964158,35169600
2024-11-21,227.27845764160156,228.90954693288327,224.48372676835862,227.63650237265796,42108300
2024-11-22,228.62110900878906,229.46649702017746,226.82094518602503,226.82094518602503,38168300
2024-11-25,231.6048126220703,231.98275293866183,228.49182822914253,230.20248468460477,90152800
2024-11-26,233.78292846679688,234.2901673751303,232.0623317186483,232.0623317186483,45986200
2024-11-27,233.6536102294922,234.40949083683986,232.53970008294309,233.19611792325418,33498400
2024-11-29,236.04058837890625,236.51797629056327,232.698842645531,233.5342752849028,28481400
2024-12-02,238.2882843017578,239.4817615684827,235.8714939748314,235.98089694287458,48137100
2024-12-03,241.3316650390625,241.44106801091166,237.60203896586935,238.5070985351772,38861000
2024-12-04,241.68972778320312,242.78375758332757,239.9392952788925,241.55048900644988,44383900
2024-12-05,241.7195587158203,243.21140922639395,240.81451427308068,242.6644095132275,40033900
2024-12-06,241.52064514160156,243.3009285590703,240.76477968960373,241.5902721155965,36870600
2024-12-09,245.40939331054688,245.89673657618508,240.43655859300793,240.51612576959502,44649200
2024-12-10,246.42385864257812,246.86147053083658,244.00705305092782,245.54863486606115,36914800
2024-12-11,245.1508331298828,249.43741460876686,244.92207178593077,246.61284788068906,45205800
2024-12-12,246.61282348632812,247.38858448031883,244.3451969163318,245.54862958315107,32777500
2024-12-13,246.78192138671875,247.9356076049288,244.9021903118032,246.4736080363398,33155300
2024-12-16,249.6760711669922,250.0142354510927,246.304489938892,246.6426542229925,51694800
2024-12-17,252.1028289794922,252.45093348613432,248.42293425963442,248.72130738305802,51356400
2024-12-18,246.7023468017578,252.89849494785605,246.39403346062903,250.7900177691265,56774100
2024-12-19,248.43287658691406,250.6308762664829,245.7475488049507,246.15532490458142,60882300
2024-12-20,253.1073455810547,253.61456925624782,244.35515348919105,246.6923766885693,147495300
2024-12-23,253.8831024169922,254.26102752773247,252.07298333460633,253.38581895601413,40858800
2024-12-24,256.7972412109375,256.80716624287646,253.90303208844082,254.101957652135,23234700
2024-12-26,257.61273193359375,258.6868812844183,256.23029959445824,256.78725468311694,27237100
2024-12-27,254.2013702392578,257.29448932345014,251.68511699924173,256.42919055718573,42355300
2024-12-30,250.8297882080078,252.1227283114492,249.38766912858338,250.85962400320443,35557500
2024-12-31,249.05946350097656,251.90392569582917,248.07483671879714,251.0684930674946,39480700
2025-01-02,242.52516174316406,247.74663833648884,240.50619200781614,247.57754859678104,55740700
2025-01-03,242.03782653808594,242.85336358935695,240.5758118291158,242.03782653808594,40244100
2025-01-06,243.66891479492188,245.98625772407811,241.87869116125097,242.98266113735735,45045600
2025-01-07,240.89405822753906,244.21590806857427,240.0387300769128,241.65986382248775,40856000
2025-01-08,241.3813934326172,242.3859157551251,238.74579711055483,240.605632433071,37628900
2025-01-10,235.56321716308594,238.85523174451487,231.73412786407496,238.70603757812466,61710900
2025-01-13,233.12649536132812,233.39503269669683,228.47192915300568,232.2612269401141,49630700
2025-01-14,232.01258850097656,234.8371551382162,231.20699165927476,233.47460320476435,39435300
2025-01-15,236.57763671875,237.66172623332486,233.15632396556444,233.36518970349533,39832000
2025-01-16,227.0198516845703,236.7168796666606,226.79110553013876,236.06047699847062,71759100
2025-01-17,228.7305145263672,231.0279618693864,227.2386640256131,230.85888730040747,68488300
2025-01-21,221.4303741455078,223.20070201452856,218.18809151282764,222.78298573737737,98070400
2025-01-22,222.61392211914062,222.90233985709415,218.59586314481808,218.59586314481808,64126500
2025-01-23,222.44485473632812,225.7965406078772,221.09224303438072,223.51898889751178,60234800
2025-01-24,221.56964111328125,224.40416321125562,220.207089142254,223.5587751677507,54697900
2025-01-27,228.6111602783203,230.88871192185238,222.76310174211312,222.80289291870474,94863400
2025-01-28,236.9655303955078,238.88505261672515,229.5560092044273,229.59580038333414,75707600
2025-01-29,238.05953979492188,238.5568232574634,232.73860067537262,232.84800364416722,45486100
2025-01-30,236.29916381835938,239.48177510143526,235.9212386876704,237.37329797187644,55658300
2025-01-31,234.71780395507812,245.8470107317681,232.1717149504871,245.8470107317681,100959800
2025-02-03,226.77120971679688,230.5704628324937,224.47376244068877,228.7404632470789,73063300
2025-02-04,231.53521728515625,231.8634262398647,225.4186206897715,226.0153670030395,45067300
2025-02-05,231.20697021484375,231.4058805611787,227.02979223826367,227.2883741709104,39620300
2025-02-06,231.95291137695312,232.5297620441898,229.17806101517482,230.03338922164468,29925300
2025-02-07,226.39328002929688,232.72866665415378,226.0252799376335,231.33627899238985,39707200
2025-02-10,226.66209411621094,229.58933825388894,226.21404995469493,228.57377553913867,33115600
2025-02-11,231.61053466796875,234.2092091135714,227.1400288616486,227.20971719471092,53718400
2025-02-12,235.8420867919922,235.9317077791751,229.67894615315132,230.19669384296432,45243300
2025-02-13,240.48187255859375,241.28835511000761,234.54774465400956,235.8819260401158,53614100
2025-02-14,243.53855895996094,244.484433375407,239.94422402720738,240.2030902821229,40896200
2025-02-18,243.40911865234375,244.11602908498713,240.7905267294893,243.0905000064508,48822500
2025-02-19,243.80738830566406,244.94244069837237,242.10481731288857,243.59830810290342,32204200
2025-02-20,244.7632293701172,245.7091038330044,243.2299036494767,243.87709210808563,32316900
2025-02-21,244.48443603515625,247.61080936192474,244.15586625078134,244.88269415360097,53197400
2025-02-24,246.0277099609375,247.7800669312537,243.3593319822528,243.86711335623195,51326400
2025-02-25,245.9679718017578,248.91513366913293,243.84722519384715,246.92381259977986,48013300
2025-02-26,239.31695556640625,243.91690216055417,238.0922974197643,243.26972892021308,44433600
2025-02-27,236.27023315429688,241.4078448384303,236.0312691715791,238.3710773588995,41153600
2025-02-28,240.79054260253906,241.03945773883657,229.20105446423008,235.9217631442628,56833400
2025-03-03,236.9970703125,242.97103338088397,235.08540395372597,240.7407483660274,47184000
2025-03-04,234.9061737060547,239.02822274747484,233.6615980851158,236.6784633674393,53798100
2025-03-05,234.71701049804688,235.5234930679701,228.235250954078,234.39839184729655,47227600
2025-03-06,234.3087921142578,236.82781201573715,232.1482106078643,233.42265485870865,45170400
2025-03-07,238.03256225585938,240.32256924437755,233.74125275300776,234.08974000390756,46273600
2025-03-10,226.4928436279297,235.13518456664028,223.24699590534985,234.5178647329352,72071200
2025-03-11,219.88165283203125,224.8599551431671,216.50636447278404,222.8387656202518,76137400
2025-03-12,216.0384063720703,220.78771110845915,213.9773970817033,219.18469713036333,62547500
2025-03-13,208.77008056640625,215.899013195213,207.51555384047248,215.01287598245443,61368300
2025-03-14,212.5635528564453,213.02154815111564,208.67051688888432,210.3332680009786,60107600
2025-03-17,213.07135009765625,214.28605714072168,209.0588394397278,212.3843419118567,48073400
2025-03-18,211.76702880859375,214.21634506867483,210.57223927739028,213.23065092190424,42432400
2025-03-19,214.3059539794922,217.81066771448715,212.82241448637808,213.29037609854922,54385400
2025-03-20,213.17091369628906,216.5462020975973,211.29906714235267,213.0613904363763,48862900
2025-03-21,217.32281494140625,217.89033350890864,210.36314278996363,210.64192650603025,94127800
2025-03-24,219.7721405029297,220.5188858867363,217.63147647971348,220.04097309502072,44299500
2025-03-25,222.77903747558594,223.12752472855482,219.1249652538438,219.81197343150768,34493600
2025-03-26,220.56866455078125,224.04352508950674,219.51326687455483,222.5400680439697,34466100
2025-03-27,222.87860107421875,224.0136533961419,219.6028696378956,220.4292696466093,37094800
2025-03-28,216.9544219970703,222.8387793372666,216.73537546649092,220.7080664246457,39818600
2025-03-31,221.1660614013672,224.6409066608951,215.29165561007284,216.0682695484103,65299300
2025-04-01,222.2214813232422,222.70934527111467,217.95008904171658,218.85614379144315,36412700
2025-04-02,222.91844177246094,224.2128035366635,220.06090083198967,220.35960203797094,35905900
2025-04-03,202.30824279785156,206.58958563447752,200.37665915579902,204.64803566499702,103419000
2025-04-04,187.56253051757812,199.01262630823254,186.52703508606032,193.0486144227304,125910900
2025-04-07,180.6725616455078,193.30748067285785,173.86223225537526,176.43103817745248,160466300
2025-04-08,171.67176818847656,189.51400113284038,168.4757067407598,185.88979780340043,120859500
2025-04-09,197.98709106445312,199.7394480269994,171.14407803694525,171.20381523449285,184395900
2025-04-10,189.59365844726562,193.9347385570105,182.205859833413,188.24952597387417,121880000
2025-04-11,197.2901153564453,198.67408279715283,185.2525839628914,185.2924188893916,87435900
2025-04-14,201.64117431640625,212.01595519155484,200.28707539108044,210.52246440005902,101352900
2025-04-15,201.26280212402344,202.62685207462172,198.93296032454862,200.98401841430368,51343900
2025-04-16,193.42697143554688,199.82906121923162,191.5352073519423,197.49921927320653,59732400
2025-04-17,196.1251983642578,197.9671763411939,193.5763099497932,196.34424488667963,52164700
2025-04-21,192.32179260253906,192.9590147372882,188.98632373298676,192.43131586910098,46742500
2025-04-22,198.8732452392578,200.715208155226,195.1196006832811,195.26894368988752,52976400
2025-04-23,203.71214294433594,207.09738254349836,201.9199510184256,205.10606155750318,52929200
2025-04-24,207.4657745361328,207.92378505310097,202.0593452871763,204.00088023313933,47311000
2025-04-25,208.371826171875,208.8397878176709,205.30519003897632,205.47445049920006,38222300
2025-04-28,209.2281036376953,210.5822025692478,206.55974070372147,209.08871177088434,38743100
2025-04-29,210.29347229003906,211.31900144522857,207.46578477039023,207.7844034400983,36827600
2025-04-30,211.57785034179688,212.65316547487808,205.7731479657814,208.39173986928208,52286500
2025-05-01,212.39431762695312,213.62892699621815,207.99348458901505,208.17271138967982,57365700
2025-05-02,204.45889282226562,206.0917754590827,201.2827333487594,205.19567188008233,101010600
2025-05-05,198.02691650390625,203.21431440062256,197.34987465543003,202.21865389928206,69018500
2025-05-06,197.6485595703125,199.77927242381972,196.16503515467957,197.3498735756035,51216500
2025-05-07,195.3983612060547,198.5745204381265,192.4113798882551,198.30568786560423,68536700
2025-05-08,196.63299560546875,199.18188402861682,193.83517686729027,196.86199326420865,50478900
2025-05-09,197.66848754882812,199.66975978270045,196.68277813613466,198.13644922219603,36453900
2025-05-12,210.15048217773438,210.62903686932515,206.12274573806786,210.32994399020487,63775800
2025-05-13,212.28399658203125,212.75257189298435,208.36592688565332,209.79158118866218,51909300
2025-05-14,211.68582153320312,213.29093762104833,209.94113079478424,211.78550901932945,49325800
2025-05-15,210.80848693847656,212.31391554357438,208.90427796298633,210.31000386923802,45029500
2025-05-16,210.6190643310547,211.92510277199543,209.1335944967917,211.71573318604425,54737900
2025-05-19,208.14657592773438,208.84444913775627,203.6402850091008,207.27922031045682,46140500
2025-05-20,206.232421875,207.83753801206538,204.40797196423648,207.03996203611737,42496600
2025-05-21,201.4768829345703,206.41186226922272,200.10108001028593,204.5475404614086,59211800
2025-05-22,200.7490997314453,202.1348820380274,199.09413231135568,200.1010778345708,46742400
2025-05-23,194.67758178710938,197.10020219746903,192.8730755135501,193.0824298832746,78432900
2025-05-27,199.60260009765625,200.1309909415137,196.83102019804124,197.6983910952664,56288500
2025-05-28,199.81195068359375,202.11494001836002,199.2935240345892,199.98143310081724,45339700
2025-05-29,199.3433837890625,203.19167383577107,197.90775006205254,202.9623758748587,51396800
2025-05-30,200.24066162109375,201.3472946799051,196.18300200128658,198.7651407343476,70819900
2025-06-02,201.08807373046875,201.51677709467234,199.51286535414474,199.67238359256916,35423300
2025-06-03,202.65330505371094,203.1517881077627,200.35031577799097,200.73913195165156,46381600
2025-06-04,202.20468139648438,205.6143037964219,201.48686455307688,202.29440469878628,43604000
2025-06-05,200.02133178710938,204.12882762641604,199.54277706238673,202.88261988754903,55126100
2025-06-06,203.30133056640625,205.07592905349443,201.4370087789868,202.3841235560851,46607700
2025-06-09,200.83883666992188,205.37503589356555,199.4131823149893,203.76991971327615,72862600
2025-06-10,202.05511474609375,203.73002568042446,199.96149509379936,199.9914028593682,54672600
2025-06-11,198.1769256591797,203.8795731269679,197.80805305990708,202.88260699920767,60989900
2025-06-12,198.5956573486328,199.07419684911244,196.7612432530472,198.47602627663701,43904600
2025-06-13,195.85398864746094,199.76209396079906,195.1062640673262,199.12403626091725,51447300
2025-06-16,197.81802368164062,198.08720880439395,195.96366601516638,196.701426450214,43020700
2025-06-17,195.0464630126953,197.7881200100286,194.61777485692886,196.60172782081946,38856200
2025-06-18,195.9835968017578,196.97059871241268,194.4781834746436,195.34553910938874,45394700
2025-06-20,200.39019775390625,201.08807102199273,196.2627584683704,197.63857663438114,96813500
2025-06-23,200.888671875,201.686247808318,198.3563846401482,201.01828233775666,55814300
2025-06-24,199.6923065185547,202.82277936444737,199.59260382672892,201.9753521214132,54064000
2025-06-25,200.94850158691406,203.05210084338043,200.01135094007643,200.83883469818846,39525700
2025-06-26,200.39019775390625,202.025221644493,198.85487656411598,200.81888589983927,50799100
2025-06-27,200.46995544433594,202.60346239871808,199.39323017588663,201.2774955925489,73188600
2025-06-30,204.5475311279297,206.76079706763053,198.65545787730727,201.39711462840114,91912800
2025-07-01,207.1894989013672,209.5523036527052,205.5145879695679,206.04297877714563,78788900
2025-07-02,211.7954864501953,212.69274987948137,207.5085290616707,208.2761972389462,67941800
2025-07-03,212.90213012695312,213.9987837940836,211.16740350258758,211.5063683517463,34955800
2025-07-07,209.3130340576172,215.57398008038285,208.16652910348648,212.03474730839852,50229000
2025-07-08,209.3728485107422,210.78853856973336,207.81758380403343,209.46258702266434,42848900
2025-07-09,210.4994354248047,210.6888614301138,206.59132988433592,208.8943192909964,48749400
2025-07-10,211.76556396484375,212.83230973607434,209.3927798795442,209.87131932773667,44443600
2025-07-11,210.51937866210938,211.48643705736623,209.2233196075129,209.931172276849,39765800
2025-07-14,207.98707580566406,210.27013683517245,206.91035052542594,209.29309904361602,38840100
2025-07-15,208.4755859375,211.24715053377864,208.28615994072268,208.5852528191871,42296300
2025-07-16,209.5224151611328,211.7556096589697,208.0070223143888,209.66198981724762,47490500
2025-07-17,209.38284301757812,211.1574416148312,208.95413964633332,209.93117746335784,48068100
2025-07-18,210.539306640625,211.1474566075158,209.06380098140497,210.23024956462245,48974600
2025-07-21,211.83535766601562,215.12534891613055,210.98794558852114,211.45652088357517,51377400
2025-07-22,213.74954223632812,214.29787667610697,211.5861274580158,212.49337032996837,46404100
2025-07-23,213.5002899169922,214.4972560435483,211.76557859278188,214.3477172095632,46989300
2025-07-24,213.11148071289062,215.03563331063384,212.8821827557749,213.25105536667797,46022600
2025-07-25,213.23110961914062,214.58698409364732,212.75255494872997,214.0486138925591,40268800
2025-07-28,213.40061950683594,214.1981955143971,212.41361748607306,213.38067592321022,37858000
2025-07-29,210.62904357910156,214.1582970701604,210.18041185237743,213.53020352524888,51411700
2025-07-30,208.415771484375,211.74563469104578,207.0898047125579,211.25711581327238,45512500
2025-07-31,206.94027709960938,209.20337937318874,206.5315173151756,207.85748415888986,80698400
2025-08-01,201.76602172851562,212.93203997684435,200.88868661623732,210.23025491744008,104434500
2025-08-04,202.7330780029297,207.24933356384108,201.06813110178,203.8895472057539,75109300
2025-08-05,202.3043670654297,204.71702329589334,201.54667827641916,202.78290655256814,44155100
2025-08-06,212.60302734375,214.72657006985978,204.96626313259566,205.00615029681612,108483100
2025-08-07,219.36245727539062,220.1799768073744,215.92292715514498,218.2159523061407,90224800
2025-08-08,228.65420532226562,230.29919347638386,218.58484056145957,220.16004899168945,113854000
2025-08-11,226.74781799316406,229.12329528601256,224.3324234952035,227.4864157407103,61806100
2025-08-12,229.21310424804688,230.36092560837628,226.63802588155738,227.57622481823222,55626200
2025-08-13,232.88612365722656,234.55294488479396,229.99163136972763,230.6304284784954,69878500
2025-08-14,232.33717346191406,234.67271834509882,230.41085227691244,233.61473725595164,51916300
2025-08-15,231.1494140625,233.834298979768,228.9036945156081,233.5548328767578,56038700
2025-08-18,230.45074462890625,232.67649791960375,229.6722297518056,231.2592012143754,37476200
2025-08-19,230.1213836669922,232.42698672077375,228.9136940815642,230.84001516813981,39402600
2025-08-20,225.5800323486328,230.0315543310328,225.3404986724704,229.54248102593337,42263900
2025-08-21,224.47213745117188,226.08906587116957,223.3542730460458,225.8395414786139,30621200
2025-08-22,227.3267059326172,228.65417758009713,224.98118568943215,225.73973438952316,42477800
2025-08-25,226.7278594970703,228.86378779922748,225.79962078901826,226.0491451945495,30983100
2025-08-26,228.87376403808594,229.0534295301293,224.26255788237486,226.43840339540802,54575100
2025-08-27,230.05152893066406,230.46073738560713,227.82576024347395,228.17510050695543,31259500
2025-08-28,232.11758422851562,232.9659733126178,228.90370861616245,230.3809040856524,38074700
2025-08-29,231.69837951660156,232.9360260407387,230.92984008944924,232.0676707602769,39418400
2025-09-02,229.28298950195312,230.4108447009183,226.53822101083426,228.81388239599917,44075600
2025-09-03,238.01634216308594,238.395624134605,233.9141603097862,236.75874463665696,66427800
2025-09-04,239.3238525390625,239.4436193831587,236.28964239378743,237.9963808412042,47549400
2025-09-05,239.2340087890625,240.86091270031892,238.03629475202086,239.54341659874092,54870400
2025-09-08,237.42745971679688,239.69313028194867,235.89038089866295,238.84475646782593,48999500
2025-09-09,233.9041748046875,238.3257397896772,232.9160527142261,236.54912730927947,66313900
2025-09-10,226.35855102539062,231.97784546194652,225.52015268533836,231.7482872752143,83440800
2025-09-11,229.59239196777344,230.01159113632517,226.21881717306923,226.44839058875493,50208600
2025-09-12,233.62472534179688,234.0638755168574,228.58432913969838,228.78394562468256,55824200
2025-09-15,236.24969482421875,237.7368657054393,234.58287368836292,236.54912714503797,42699500
2025-09-16,237.6969451904297,240.76111223381088,235.87043992435724,236.72878926810645,63421100
2025-09-17,238.5353546142578,239.6432435766681,237.27774187166392,238.5153883976145,46508000
2025-09-18,237.42745971679688,240.74113579799257,236.199788714976,239.5134800259323,44249600
2025-09-19,245.032958984375,245.83144010441063,239.7530294205925,240.77107799962133,163741300
2025-09-22,255.5928192138672,256.15178189089505,247.64797087114997,247.82763635806887,105517400
2025-09-23,253.9459686279297,256.8504363399061,253.0975947938589,255.39322235208516,60275200
2025-09-24,251.8300018310547,255.2534845023776,250.56241362070242,254.73446948849343,42303700
2025-09-25,256.3813171386719,256.6807646844572,251.2311452680336,252.72829161839874,55202100
2025-09-26,254.97401428222656,257.10994249251326,253.2972024297037,253.61660096533106,46076300
2025-09-29,253.9459686279297,254.5148915782133,252.52867184357527,254.0757261912774,40127700
2025-09-30,254.14559936523438,255.4331385813304,252.6284867333586,254.37515755125318,37704300
2025-10-01,254.9640350341797,258.29769267334166,254.44502000530687,254.55481135314994,48713900
2025-10-02,256.6408386230469,257.68882891050583,253.66649683440303,256.09186667190835,42630200
2025-10-03,257.5291442871094,258.7468246365968,253.46689477740222,254.18552630266564,49155600
2025-10-06,256.2016906738281,258.5771679771474,254.56481112131073,257.49920544747016,44664100
2025-10-07,255.99208068847656,256.91031341337026,254.94405994391948,256.3214394907812,31955800
2025-10-08,257.5690612792969,258.0281776413904,255.62275879770374,256.03198246417537,36496900
2025-10-09,253.55670166015625,257.50917476461467,252.65841993311406,257.3195337882977,38322000
2025-10-10,244.80340576171875,255.8922708493858,243.53581752909898,254.45500785015722,61999100
2025-10-13,247.18885803222656,249.2149949644775,245.09284695690994,248.90558714178317,38142900
2025-10-14,247.29864501953125,248.37659224814226,244.23447809703134,246.13087266264282,35478000
2025-10-15,248.8656463623047,251.3409393203658,246.99920876557604,249.01537013681215,33893600
2025-10-16,246.979248046875,248.56621957555782,244.66366953460536,247.7777291727393,39777000
2025-10-17,251.81002807617188,252.89796599708643,246.79958926324147,247.5481624372989,49147000
2025-10-20,261.7411193847656,263.87706298772724,255.14370850365398,255.4032084113237,90483000
2025-10-21,262.2701110839844,264.7853366806196,261.33189684706855,261.38182000576944,46695900
2025-10-22,257.9583435058594,262.349966966352,254.94406918261987,262.15033525743416,45015300
2025-10-23,259.0861511230469,260.12418111371363,257.51916110368444,259.4454820834593,32754900
2025-10-24,262.32000732421875,263.6275126875418,258.68691759501684,260.69310343226954,38253700
2025-10-27,268.2986145019531,268.60802232244004,264.1465248140549,264.37609822840903,44888200
2025-10-28,268.4882507324219,269.3765722048576,267.63986169210665,268.4782600095115,41534800
2025-10-29,269.1869201660156,270.8936584399069,266.6018207191691,268.76770579477784,51086700
2025-10-30,270.8836669921875,273.6184749716116,267.969239224885,271.4725408872279,69886500
2025-10-31,269.85565185546875,276.79244258078194,268.647962249571,276.4630533049319,86167100
2025-11-03,268.53814697265625,270.33474092754267,265.74348587775046,269.90556627002525,50194600
2025-11-04,269.5262756347656,270.9734988318123,267.11086611942017,267.8195068636227,49274800
2025-11-05,269.6260986328125,271.18312844251227,266.4221834255846,268.0989800730272,43683100
2025-11-06,269.25677490234375,272.8798740142925,267.38037702601645,267.38037702601645,51204000
2025-11-07,267.9592590332031,271.7719991063764,266.26248096015127,269.28671541495146,48227400
2025-11-10,269.1781311035156,273.4741297822401,267.20997142836535,268.7085692371889,41312400
2025-11-11,274.99267578125,275.65206242273547,269.5477586519058,269.55775905965567,46208300
2025-11-12,273.21435546875,275.4722525277038,271.4460210796085,274.74292397164845,48398000
2025-11-13,272.6948547363281,276.4413491841305,271.83564282199285,273.85374352181776,49602800
2025-11-14,272.15533447265625,275.70200347225597,269.3479639093673,270.7965900477885,47431300
2025-11-17,267.2099609375,270.2371271729127,265.48159771217263,268.5687054184609,45018300
2025-11-18,267.19000244140625,270.4569347049811,265.0719890725528,269.7376065335732,45677300
2025-11-19,268.3089294433594,271.9555110777923,265.2517925781922,265.2817633125939,40424500
2025-11-20,266.0010986328125,275.17250947675234,265.67142054546326,270.5768036466949,45823600
2025-11-21,271.2361755371094,273.0744516711978,265.4216397990326,265.70137680880595,59030800
2025-11-24,275.6620788574219,276.7410558404627,270.64675212306133,270.64675212306133,65585800
2025-11-25,276.7110900878906,280.1179060838009,274.9926967216935,275.012667049666,46914200
2025-11-26,277.29052734375,279.26868736786383,276.3714044558947,276.70108254872224,33431400
2025-11-28,278.5893249511719,278.73917862681736,275.73198274965245,277.0008150112318,20135600
2025-12-01,282.8353576660156,283.1550658399818,275.88187257202503,277.75011957449965,46587700
2025-12-02,285.9224548339844,287.1313151163589,282.36578537497866,282.7354345985028,53669500
2025-12-03,283.8843688964844,288.35019153510143,283.0351573834178,285.9324708384744,43538700
2025-12-04,280.4375915527344,284.46382276925783,278.32954829392816,283.83440686502166,43989100
2025-12-05,278.5193786621094,280.8771882481053,277.79005013345267,280.27774306596746,47265800
2025-12-08,277.6302185058594,279.4085531850005,275.8918244790692,277.86998437615557,38211800
2025-12-09,276.9208679199219,279.7682096639769,276.6611317163261,277.8999627322321,32193300
2025-12-10,278.5193786621094,279.48847306800184,276.1815698919154,277.490342786908,33038300
2025-12-11,277.77008056640625,279.3286197507982,273.5540244422053,278.83908758708685,33248000
2025-12-12,278.0198669433594,278.9589906850317,276.5612402656973,277.64021728323,39532900
2025-12-15,273.8537292480469,279.8880911943856,272.5849275039148,279.8880911943856,50409100
2025-12-16,274.353271484375,275.2424541197232,271.53593087885605,272.5649667835892,37648600
2025-12-17,271.58587646484375,275.90184538512057,271.38608172110213,274.75292651919426,50138700
2025-12-18,271.935546875,273.374203136776,266.7004552212896,273.35420232069225,51630700
2025-12-19,273.4141845703125,274.34330788170604,269.64768928264715,271.8955859651445,144632000
2025-12-22,270.7166748046875,273.62395794129594,270.25711338978425,272.6048920133635,36571800
2025-12-23,272.1053771972656,272.2452609569047,269.30800689497966,270.5868091030317,29642000
2025-12-24,273.55401611328125,275.17249671786806,271.9455359163183,272.085389177814,17910600
2025-12-26,273.1444091796875,275.1125687682936,272.6049054553,273.9037084592662,21521800
2025-12-29,273.50408935546875,274.10350406329195,272.0954038139857,272.4350823114352,23715200
2025-12-30,272.82470703125,273.82377221524894,272.02546707967076,272.5549704076282,22139600
2025-12-31,271.6058349609375,273.42414083736213,271.49595243002375,272.80472532736104,27293600
