Date,Close,High,Low,Open,Volume
2019-01-02,3.3769829273223877,3.43300976547338,3.2240246801205985,3.2386511702127136,508752000
2019-01-03,3.1729564666748047,3.3507054977541753,3.165519334999033,3.3167422733245417,705552000
2019-01-04,3.3762400150299072,3.41441746410469,3.2153485937451323,3.2460889111903297,585620000
2019-01-07,3.554980754852295,3.5919188806213604,3.3821897262720033,3.433506575098347,709160000
2019-01-08,3.466477632522583,3.6387728650754028,3.3938409502867053,3.6365415129519585,786016000
2019-01-09,3.5346522331237793,3.5820023877661367,3.4672215634745385,3.5177943883948593,617260000
2019-01-10,3.6003472805023193,3.60902397316226,3.4548261413772305,3.5153154560127566,523156000
2019-01-11,3.689594030380249,3.7124014395328406,3.550270452716727,3.578035870943104,874764000
2019-01-14,3.729506015777588,3.754792542231654,3.6137336563118376,3.637284844500532,730168000
2019-01-15,3.715376138687134,3.801647525137596,3.697030962334933,3.7622302794111397,617012000
2019-01-16,3.6898417472839355,3.7756173598890985,3.6843879610240897,3.7426459262234966,470104000
2019-01-17,3.7612388134002686,3.8011518373038555,3.6296003784225475,3.6568702549730676,493436000
2019-01-18,3.890397310256958,3.916427620015253,3.7595026868015804,3.8110672927499656,651336000
2019-01-22,3.6881062984466553,3.8718051248869383,3.657861758814869,3.860153532195278,661552000
2019-01-23,3.7009975910186768,3.8321402518400047,3.669761495731134,3.743389738594542,591020000
2019-01-24,3.9129579067230225,3.930559063641579,3.780823689667241,3.7855339283477747,708972000
2019-01-25,3.970223903656006,3.9883210734512042,3.750826750296248,3.8534599692729863,1154572000
2019-01-28,3.421358823776245,3.511348896826582,3.2475764843949433,3.385164483654863,2511528000
2019-01-29,3.2624504566192627,3.423589870614671,3.247823965057454,3.375247928204983,1153932000
2019-01-30,3.405989170074463,3.4203676577365605,3.258980440620225,3.3385584911266375,974228000
2019-01-31,3.563657760620117,3.599356328122667,3.3809504612755163,3.402766318199903,842852000
2019-02-01,3.587951421737671,3.6390202527868305,3.534651711643944,3.5822496296734667,625048000
2019-02-04,3.698270559310913,3.73545645319018,3.5817543959752496,3.603818020039024,528592000
2019-02-05,3.7173585891723633,3.754048698955578,3.67645401897639,3.710169229434252,542424000
2019-02-06,3.792970895767212,3.8574266662735943,3.745124963345141,3.750578749480347,702464000
2019-02-07,3.65463924407959,3.74884378662524,3.611751552669913,3.74661267058067,637120000
2019-02-08,3.673231840133667,3.6838916413500185,3.5730775132556327,3.5874559982311216,461604000
2019-02-11,3.630591869354248,3.6833958066617254,3.5822499269282733,3.6291043013049493,495180000
2019-02-12,3.7476041316986084,3.7632224164653842,3.6546391529236506,3.6690178762694337,591060000
2019-02-13,3.7899956703186035,3.8631281274147784,3.7634695803135063,3.7771045173246294,605372000
2019-02-14,3.830899715423584,3.8591611399476524,3.745867671494661,3.789003592195107,827264000
2019-02-15,3.9005613327026367,4.062444027560913,3.8777539304101882,4.039636861690551,1516748000
2019-02-19,3.883208990097046,3.963778826670554,3.8708138488600423,3.8899025744165323,551892000
2019-02-20,3.930558443069458,3.997741098949132,3.90130569749068,3.9124612753178587,540988000
2019-02-21,3.861640453338623,3.9677443376011072,3.847013962321036,3.9432018299304374,448548000
2019-02-22,3.9464244842529297,3.965265435947853,3.8998181186262215,3.9134530552089353,401740000
2019-02-25,3.9340295791625977,4.097399875374152,3.9253526503709284,4.029969445289696,656020000
2019-02-26,3.8946125507354736,3.985346406465536,3.8611451042377856,3.929319558557759,488464000
2019-02-27,3.8527157306671143,3.906759223526521,3.7956971020218964,3.880233372464804,500256000
2019-02-28,3.828148126602173,3.8688468342508746,3.805813738379342,3.8465122093622433,324944000
2019-03-01,3.882495641708374,3.924682975256033,3.81971057454771,3.8780285749412227,357188000
2019-03-04,3.8906848430633545,3.943791460804945,3.8341037350030662,3.9209605496575777,409992000
2019-03-05,3.8842334747314453,3.9224502732848503,3.820703845449293,3.8750513137810176,362924000
2019-03-06,3.7733047008514404,3.8837367593047767,3.770574997278908,3.8752993861415765,403524000
2019-03-07,3.7040672302246094,3.759407506394355,3.657909114121381,3.749729058125882,450104000
2019-03-08,3.738313674926758,3.7489846994719547,3.59338687172159,3.6147289208119844,422416000
2019-03-11,3.9988834857940674,4.021714160378522,3.7147378155242583,3.7618887391202787,859728000
2019-03-12,4.033130645751953,4.079536553232424,3.950492384431136,4.0266781888127765,579576000
2019-03-13,4.184508800506592,4.213791933021078,4.063157465934027,4.070602498606583,768900000
2019-03-14,4.1085710525512695,4.205602604685603,4.100877994521936,4.193690742360727,519384000
2019-03-15,4.2140398025512695,4.256723419501709,4.148276540430737,4.151750793825906,661484000
2019-03-18,4.192699432373047,4.299409227376472,4.16564947156302,4.245557804906436,486992000
2019-03-19,4.360456466674805,4.404877698902246,4.270373873198143,4.287248621196402,854972000
2019-03-20,4.32794713973999,4.442846028768086,4.2932041240092795,4.389491139608577,719148000
2019-03-21,4.56469202041626,4.590997418225042,4.346061623085033,4.351024977136727,824312000
2019-03-22,4.404877185821533,4.58603540155432,4.390980169089334,4.537395842991622,747644000
2019-03-25,4.312560558319092,4.428452011351479,4.2463012357652055,4.364178314815477,525212000
2019-03-26,4.389242649078369,4.510345483093209,4.332909563202776,4.454260896302469,703508000
2019-03-27,4.38006067276001,4.461209590640525,4.310575592412955,4.414803686265147,474372000
2019-03-28,4.398672580718994,4.464435374742539,4.345565726024359,4.4061171395403385,480264000
2019-03-29,4.455998420715332,4.480318673320571,4.415051921189798,4.4654286068279845,456896000
2019-04-01,4.523499011993408,4.553774724450476,4.47610005369348,4.547818792273322,483824000
2019-04-02,4.541365146636963,4.585786363888316,4.504637460043733,4.547569576307608,440920000
2019-04-03,4.6808342933654785,4.739897100163296,4.586036360828847,4.590999717366156,783504000
2019-04-04,4.671899795532227,4.714335397681236,4.609114719215145,4.665447338520244,457376000
2019-04-05,4.738656044006348,4.75602779195894,4.678601133650199,4.715080810354002,481744000
2019-04-08,4.759500503540039,4.784564830698593,4.684059022984847,4.708130773820031,424192000
2019-04-09,4.696714878082275,4.737165316776078,4.654527312696067,4.7259980061346845,439972000
2019-04-10,4.767193794250488,4.79300267580595,4.691504750071763,4.695971580854121,444772000
2019-04-11,4.753296852111816,4.801192335882871,4.703912740277553,4.769675547460373,374600000
2019-04-12,4.715327262878418,4.79598012337253,4.7066416284660155,4.7920093447847565,471708000
2019-04-15,4.583552837371826,4.71259721540242,4.543846947721112,4.707633860863195,440092000
2019-04-16,4.670658588409424,4.6895189606848335,4.590006191352661,4.622763580392764,394964000
2019-04-17,4.647827625274658,4.72649486463403,4.625493000178169,4.705649340765735,351004000
2019-04-18,4.623260021209717,4.6885267790091465,4.595465985340152,4.654528784894651,380988000
2019-04-22,4.677111625671387,4.6927457714718726,4.568168656681637,4.599684974089435,279936000
2019-04-23,4.731705665588379,4.7629744208895,4.680584438559012,4.690262648692707,346856000
2019-04-24,4.744115352630615,4.784813830160502,4.681330272417644,4.742129726248216,318204000
2019-04-25,4.638398170471191,4.726247583469175,4.5587383421868966,4.703912954853981,499296000
2019-04-26,4.41951847076416,4.489004023316028,4.300648812147661,4.484536719653351,868988000
2019-04-29,4.450290679931641,4.478084711463845,4.355244274724534,4.427459530221901,391920000
2019-04-30,4.491732597351074,4.51729297078143,4.398919866777236,4.41802825875856,362920000
2019-05-01,4.478580474853516,4.586282802060616,4.478331975805943,4.544095237087087,354280000
2019-05-02,4.546080589294434,4.587771631336801,4.445078738633551,4.4882588817007285,394684000
2019-05-03,4.541614532470703,4.564445209856069,4.480070061840967,4.55451897244162,336824000
2019-05-06,4.463193893432617,4.475353778888014,4.318018871706679,4.3552430784746345,422176000
2019-05-07,4.295934677124023,4.414804355692643,4.247791165108241,4.414804355692643,555220000
2019-05-08,4.316034317016602,4.396190645841569,4.256475483276503,4.26838734469083,419168000
2019-05-09,4.223471164703369,4.256725084011528,4.104601952296911,4.247046870530723,660248000
2019-05-10,4.18947172164917,4.258212715543854,4.0698575264241175,4.192697949472911,569500000
2019-05-13,3.9321277141571045,4.0805287493998685,3.9162453109093414,4.057449576711923,656912000
2019-05-14,4.0212178230285645,4.056456882018139,3.933120175554626,3.9718332513000205,524880000
2019-05-15,3.960170030593872,3.9966496928239077,3.9063188639694753,3.9656294366424154,502320000
2019-05-16,3.975308895111084,4.017993000646602,3.9122760233684573,3.954711629764427,781088000
2019-05-17,3.88448166847229,4.062662174450108,3.845024029255658,3.9333697315048637,1022068000
2019-05-20,3.765859603881836,3.840804563253504,3.741043301264618,3.7857125513092895,572064000
2019-05-21,3.848001003265381,3.863883408153841,3.7879458742592704,3.826659191800054,361848000
2019-05-22,3.777026891708374,3.8353448948121587,3.766107605028576,3.8092879902335954,325868000
2019-05-23,3.655923843383789,3.714738135070043,3.5961167386598394,3.714738135070043,591844000
2019-05-24,3.6020729541778564,3.7100233347697302,3.5953724714748616,3.6747842674657405,357584000
2019-05-28,3.5569071769714355,3.6524496356158997,3.554921787536733,3.6196922482710323,428356000
2019-05-29,3.4827070236206055,3.544251023971281,3.447964244283567,3.509260218852775,559800000
2019-05-30,3.4561235904693604,3.52171315271689,3.417862933512979,3.4859370063149675,394300000
2019-05-31,3.3654401302337646,3.4745076560908896,3.3637010206051516,3.4071789982563945,389720000
2019-06-03,3.323701858520508,3.415378061068025,3.2943853005049557,3.376620553494657,478644000
2019-06-04,3.5527684688568115,3.557985798338294,3.3656890602587226,3.387800633337759,641836000
2019-06-05,3.510035514831543,3.6320222094851573,3.4737625211733563,3.626556334777787,511616000
2019-06-06,3.572147846221924,3.596743933900028,3.511775609472396,3.5142601202122417,408140000
2019-06-07,3.614879608154297,3.649164948157457,3.558979313986619,3.5781097579801444,348856000
2019-06-10,3.687673568725586,3.7562444749522297,3.6710276375043205,3.6710276375043205,402780000
2019-06-11,3.7453134059906006,3.7853131677784257,3.7058107357981984,3.7475493704262557,383872000
2019-06-12,3.6322710514068604,3.7080469602873056,3.617115917017962,3.70183568426828,358892000
2019-06-13,3.683450698852539,3.7018355063388992,3.6367428057911084,3.6543824497397646,308080000
2019-06-14,3.5935134887695312,3.614631353049393,3.548793486774963,3.590283814836257,394428000
2019-06-17,3.6032028198242188,3.640221217075607,3.5689172416942827,3.5917742148022604,276040000
2019-06-18,3.798232316970825,3.8536355206591346,3.653637186629092,3.6645686998889,581920000
2019-06-19,3.804194927215576,3.84493985103334,3.7781080445919204,3.8335114834756485,331644000
2019-06-20,3.828542470932007,3.9087903005945064,3.814132738561449,3.8948774228662537,350168000
2019-06-21,3.7704060077667236,3.8628278373481844,3.7639464238964044,3.8136356763978863,434428000
2019-06-24,3.7927660942077637,3.8223311944751526,3.7445676428666683,3.791772384985034,282948000
2019-06-25,3.7634499073028564,3.8727659883014587,3.7607170882054692,3.7977354851308696,311868000
2019-06-26,3.956740617752075,4.017858483785668,3.8779835808193477,3.890902750597126,584072000
2019-06-27,4.055373191833496,4.074503399227054,4.006429335736305,4.042454023040567,445440000
2019-06-28,4.0802178382873535,4.10854068621403,4.033510183336779,4.0993480457661455,397668000
2019-07-01,4.128415584564209,4.321705992505331,4.090900102637731,4.287420420704294,709756000
2019-07-02,4.030528545379639,4.13288818594991,4.017361067786199,4.111770086156782,400228000
2019-07-03,4.043447971343994,4.05959705175763,3.9835728354097175,4.053882630539049,246636000
2019-07-05,3.9808402061462402,3.989535755890419,3.9174863735850263,3.9850638265751157,396552000
2019-07-08,3.9058094024658203,3.940094983176473,3.875747679059242,3.9212130828973284,329788000
2019-07-09,3.9082934856414795,3.936367787172201,3.8509026274936953,3.8635732502768936,342860000
2019-07-10,3.976616144180298,4.034006766119606,3.93785863796451,3.9517715160104028,452076000
2019-07-11,4.131147861480713,4.1718927743181276,4.0123908675844255,4.049657561934155,682560000
2019-07-12,4.164192199707031,4.235247865334786,4.158974870393597,4.158974870393597,506392000
2019-07-15,4.1557440757751465,4.201458011695431,4.127421707738953,4.185309409467861,289840000
2019-07-16,4.151023864746094,4.178104215036881,4.095371889690528,4.14083751708391,341444000
2019-07-17,4.216367244720459,4.223323685913579,4.123448524358621,4.152765090493061,348204000
2019-07-18,4.2280426025390625,4.290899336423999,4.170154889058343,4.226800584373942,442192000
2019-07-19,4.184813976287842,4.272763664177601,4.178851245424811,4.266304315501294,344896000
2019-07-22,4.2563652992248535,4.26928446749446,4.198725896647237,4.206179426989189,315940000
2019-07-23,4.364191055297852,4.366178474059461,4.2799679064719625,4.295620369303317,428176000
2019-07-24,4.438724517822266,4.444438939161471,4.3313963216236395,4.407420539576318,366236000
2019-07-25,4.307544708251953,4.409904341038965,4.284190882761843,4.39723348212656,392700000
2019-07-26,4.349531650543213,4.396239296461587,4.33462506594351,4.33462506594351,274160000
2019-07-29,4.343321800231934,4.359470881054014,4.255123812592411,4.34232809083659,248160000
2019-07-30,4.358973503112793,4.371147271681989,4.28245219823454,4.296862168200312,197772000
2019-07-31,4.191769599914551,4.328414817582776,4.149533874289371,4.327420634406014,359416000
2019-08-01,4.097360610961914,4.2926384699864295,4.045186844171994,4.2022042883899395,421212000
2019-08-02,4.004690647125244,4.074007209948894,3.9572378238767767,4.004690647125244,428348000
2019-08-05,3.746306896209717,3.822331099383224,3.699350701033166,3.8210888444177598,589156000
2019-08-06,3.785064697265625,3.8665547864405707,3.7373633319030835,3.821089385558157,361272000
2019-08-07,3.8233258724212646,3.835251333859253,3.7068050253081624,3.724196125791917,372560000
2019-08-08,3.9318957328796387,3.93313798792632,3.823573604329803,3.8809644606453158,309300000
2019-08-09,3.8305304050445557,3.8943808514754075,3.7800959826754443,3.8909026317903614,341816000
2019-08-12,3.762705087661743,3.8305306121227263,3.74084182207671,3.778357077090595,279200000
2019-08-13,3.8769891262054443,3.9229516149101764,3.7222078919153594,3.7612137050136867,351956000
2019-08-14,3.7284188270568848,3.7999711041685047,3.684692540793524,3.7887910460613194,419880000
2019-08-15,3.6961212158203125,3.767176644239833,3.6618358751868536,3.747301036378363,477200000
2019-08-16,3.9641940593719482,4.013385990031329,3.897610556277459,3.9589767298029845,1007960000
2019-08-19,4.24294900894165,4.258849778782694,4.061335727920661,4.077484806609766,815112000
2019-08-20,4.170651912689209,4.237980574292115,4.149533813251325,4.2374834827110455,463188000
2019-08-21,4.254128932952881,4.309283823277182,4.2151231208071644,4.236737836701404,427244000
2019-08-22,4.260339736938477,4.306301979946658,4.221085148604145,4.263817955610752,303488000
2019-08-23,4.035745143890381,4.238228187022557,4.015869539733784,4.183818702873682,568056000
2019-08-26,4.110527515411377,4.1386020504512615,4.072267105940194,4.114502825976818,318208000
2019-08-27,4.019845485687256,4.1515212063418945,3.9905289293806834,4.148788387342444,290968000
2019-08-28,4.009400367736816,4.062122887485374,3.9541908785054782,3.993484332256128,255612000
2019-08-29,4.153144836425781,4.185474496222902,4.097437754596568,4.1009194175645804,357976000
2019-08-30,4.165828227996826,4.249140068119841,4.14767377274521,4.199401613627797,290616000
2019-09-03,4.082766056060791,4.126038300045992,4.0598866859647424,4.092962493005367,296140000
2019-09-04,4.196913719177246,4.204374628010244,4.143445058393143,4.143445058393143,227728000
2019-09-05,4.469977855682373,4.47619504358957,4.297386025121526,4.299126856709182,695676000
2019-09-06,4.442869663238525,4.5035502065782005,4.404819927731002,4.446599880651899,376976000
2019-09-09,4.48887825012207,4.5754231997659005,4.472464626380474,4.47395690335909,417524000
2019-09-10,4.555526256561279,4.582135831740526,4.446350534575092,4.456049382728147,352812000
2019-09-11,4.5841264724731445,4.6323726411701935,4.541102797851077,4.570199821606527,361512000
2019-09-12,4.582632541656494,4.685342029065211,4.574674526082483,4.630630138360491,327840000
2019-09-13,4.524688243865967,4.553039123427672,4.480918439928201,4.515984088869944,324592000
2019-09-16,4.481665134429932,4.516233204088188,4.439139046979034,4.449584034270801,231832000
2019-09-17,4.5030517578125,4.507279557649225,4.4418736489892545,4.488378972852396,223048000
2019-09-18,4.475945949554443,4.5117577482728235,4.389401480829896,4.496090264211417,258152000
2019-09-19,4.40034294128418,4.5003169278343025,4.389648925575745,4.481913449393147,245476000
2019-09-20,4.294649124145508,4.422973999622492,4.284453165802615,4.399348500800233,350244000
2019-09-23,4.348117351531982,4.393627987782096,4.2911670361485745,4.294897727212279,249712000
2019-09-24,4.290669918060303,4.409046903518779,4.2551071589321605,4.379452775739381,317268000
2019-09-25,4.432424545288086,4.452071273482749,4.245408506956188,4.2901730119704755,308432000
2019-09-26,4.410290241241455,4.431429243188591,4.3593085562806975,4.42272508778121,234564000
2019-09-27,4.27152156829834,4.419244154293702,4.210840550728801,4.368511015596242,362056000
2019-09-30,4.3289690017700195,4.339165435307629,4.266050043517498,4.297385482479538,186184000
2019-10-01,4.32722806930542,4.501312150703961,4.322503158992095,4.35209729155392,366008000
2019-10-02,4.303354263305664,4.317280914728532,4.230985007369558,4.305343649411506,293372000
2019-10-03,4.509021759033203,4.51523894620959,4.2774902364086245,4.307830508275811,450588000
2019-10-04,4.525435447692871,4.554781026972775,4.446102866898809,4.511259767403537,265524000
2019-10-07,4.5841264724731445,4.683851443574872,4.581639502769681,4.590343659561317,480984000
2019-10-08,4.407555103302002,4.492358724464063,4.389400652670867,4.492358724464063,444436000
2019-10-09,4.494100570678711,4.543590469038714,4.4555537201762165,4.48440171937648,292412000
2019-10-10,4.551795959472656,4.602777648271692,4.486639066326071,4.491861559963687,309124000
2019-10-11,4.625407695770264,4.708719017123605,4.616952096608107,4.635852680262057,446404000
2019-10-14,4.638838291168213,4.659728267054926,4.585618184116955,4.616704593283885,200040000
2019-10-15,4.883551120758057,4.956169413310423,4.715187089656604,4.72911421687751,664124000
2019-10-16,4.829833030700684,4.954427694538078,4.81839334993224,4.84947975864148,428944000
2019-10-17,4.831821918487549,4.91936104944137,4.777358101202612,4.874347999405912,263436000
2019-10-18,4.7373199462890625,4.864898689154544,4.662961309729431,4.8323200037831615,307440000
2019-10-21,4.874596118927002,4.888025656092476,4.77984464368851,4.798745227818755,261868000
2019-10-22,4.864650726318359,5.036744965587818,4.856941261862474,4.9315484621583225,328720000
2019-10-23,4.851718425750732,4.865893631533016,4.750749730863077,4.7825822795460935,279916000
2019-10-24,4.8957366943359375,4.929309599382195,4.858930206909556,4.893000695631441,232020000
2019-10-25,5.08673095703125,5.107620931006642,4.968602518136838,4.976311981057411,423092000
2019-10-28,5.1426873207092285,5.195160817812477,5.1011554471025145,5.130501026468561,330792000
2019-10-29,5.046443462371826,5.13522633756321,5.0270457624179,5.128760121351249,211236000
2019-10-30,5.048431873321533,5.079021168401791,4.980290433289985,5.073301091653049,205960000
2019-10-31,4.9991912841796875,5.04843213985258,4.919361606152492,5.027542166113943,209732000
2019-11-01,5.03823709487915,5.070566754236402,4.938760198276227,4.963877977109576,283640000
2019-11-04,5.234951019287109,5.247385867333541,5.09618162521197,5.119309541330526,376716000
2019-11-05,5.212817192077637,5.260814324386149,5.164819585428227,5.234701858026008,300868000
2019-11-06,5.163575649261475,5.214308298754604,5.076036048461532,5.188693419411349,269012000
2019-11-07,5.181233882904053,5.264794260554901,5.136469377936064,5.2501214716749915,280340000
2019-11-08,5.167308330535889,5.198892329992887,5.1267716179189975,5.164324250929611,189100000
2019-11-11,5.177255630493164,5.200383549285411,5.080265701882329,5.166561612502861,243436000
2019-11-12,5.212817192077637,5.268772815950008,5.1804870652443125,5.215552716028571,283504000
2019-11-13,5.186952590942383,5.209085808578838,5.120551989351349,5.1814810694268445,300188000
2019-11-14,5.217294216156006,5.219532631134301,5.135972253725636,5.195906656724694,518080000
2019-11-15,5.07802677154541,5.266783148824371,4.9897410176055805,5.215055323468847,1053628000
2019-11-18,5.279219627380371,5.305829212198422,5.067583350709462,5.070567430321754,574588000
2019-11-19,5.1725287437438965,5.2717565844161856,5.114335182944443,5.248131088766924,414564000
2019-11-20,5.251862525939941,5.335671461810984,5.13696717967048,5.14965058310742,472588000
2019-11-21,5.226993083953857,5.303092552708058,5.2053569697853295,5.247385950468522,288388000
2019-11-22,5.244649410247803,5.2961282015470195,5.221023440332193,5.249622874240839,224100000
2019-11-25,5.5012993812561035,5.506273320249734,5.359793994971551,5.372725951750432,506476000
2019-11-26,5.396599769592285,5.488366702551608,5.390133554882929,5.483641318826945,385244000
2019-11-27,5.431442737579346,5.476489009402694,5.405062263056597,5.4421446449121875,215784000
2019-11-29,5.394111156463623,5.428953468775326,5.370219013912225,5.40058214285917,141556000
2019-12-02,5.207705497741699,5.400583865924844,5.192524403115575,5.387144412779075,372036000
2019-12-03,5.16813325881958,5.1721149662184756,4.986703542784489,5.024034660449171,465232000
2019-12-04,5.211935043334961,5.274153732856538,5.183314503117947,5.251754966653496,273424000
2019-12-05,5.195012092590332,5.249515633114968,5.164400222417688,5.233836590939642,184884000
2019-12-06,5.280375957489014,5.31322789545581,5.254244219585735,5.264199438610396,232236000
2019-12-09,5.280375957489014,5.335128712742705,5.2487691339367535,5.257479713237847,211880000
2019-12-10,5.325421333312988,5.3771873196349915,5.257727095596836,5.310488508626439,256388000
2019-12-11,5.409043788909912,5.414519348765117,5.333386124722475,5.335874929258308,233796000
2019-12-12,5.576537132263184,5.594704979938755,5.371215722129446,5.380175039586367,404348000
2019-12-13,5.574545860290527,5.698734503784872,5.520539797455136,5.57952346947821,454704000
2019-12-16,5.6034159660339355,5.675838623922071,5.5939586970581,5.622081765896798,320976000
2019-12-17,5.681562423706055,5.7042099297644295,5.612624003881161,5.622081272026224,321196000
2019-12-18,5.711924076080322,5.772400644067879,5.707941894255487,5.716403733951459,343548000
2019-12-19,5.860005855560303,5.873445307267032,5.741541493898004,5.746519103766496,445360000
2019-12-20,5.957315444946289,5.982700493032748,5.9072915629512766,5.92645483671851,603044000
2019-12-23,5.943627834320068,6.018041344705996,5.932926400438514,5.985936568370332,355060000
2019-12-24,5.938650608062744,5.955823030751839,5.893853066211372,5.928197911589561,138864000
2019-12-26,5.9528350830078125,5.980957670496352,5.923218643267122,5.942133176740019,182852000
2019-12-27,5.895096778869629,5.981456354930958,5.868715829045477,5.968016904612984,254644000
2019-12-30,5.781857967376709,5.878421486687394,5.750499887279652,5.873195140004551,258056000
2019-12-31,5.856022834777832,5.865480101531699,5.727354544133707,5.746517815671809,231004000
2020-01-02,5.970755100250244,5.970755100250244,5.891364453417941,5.941885817283135,237536000
2020-01-03,5.875185966491699,5.918988068029837,5.826157518294826,5.851045086775378,205384000
2020-01-06,5.899825096130371,5.905051443474641,5.7557269623863725,5.781858699107725,262636000
2020-01-07,5.971253395080566,6.01704636446378,5.883151688505547,5.928197968891882,314856000
2020-01-08,5.982451915740967,6.023765219861093,5.926952946804154,5.967021611212417,277108000
2020-01-09,6.048154354095459,6.120576999500233,5.994397505336159,6.068811004490261,255112000
2020-01-10,6.080508232116699,6.185782344219764,6.06632256758394,6.155419686593314,316296000
2020-01-13,6.271146774291992,6.296283085616818,6.140985084223415,6.163633065444852,319840000
2020-01-14,6.154175758361816,6.2537255760549,6.140985045565615,6.228340052126756,359088000
2020-01-15,6.111617565155029,6.189266562204564,6.085734566138518,6.166867794798315,263104000
2020-01-16,6.195239543914795,6.201212580149905,6.141731430548025,6.165125624680976,284192000
2020-01-17,6.203950881958008,6.22186999285586,6.156415799010118,6.214403577975669,253792000
2020-01-21,6.1706013679504395,6.20419951976106,6.136505265317551,6.167365874333107,217916000
2020-01-22,6.224606513977051,6.311214823727861,6.196981400554024,6.215895935392397,239240000
2020-01-23,6.2930474281311035,6.301509269273523,6.175827715920401,6.264676098533878,244516000
2020-01-24,6.233814716339111,6.458299843381298,6.179559919221518,6.408524704344975,373512000
2020-01-27,5.977972030639648,6.02899133900115,5.779618620640297,5.929192314169117,470536000
2020-01-28,6.1713480949401855,6.203701607240368,5.99066457305883,6.043923950276957,310976000
2020-01-29,6.110870838165283,6.192999486865854,6.071050441358389,6.156912534107337,258848000
2020-01-30,6.11759090423584,6.131030355221164,5.958062456449191,6.013063476063364,290504000
2020-01-31,5.884145736694336,6.083743301311046,5.842334960195534,6.071797229542552,370420000
2020-02-03,5.981207370758057,6.000619381873088,5.8597562708457405,5.865978044936921,255564000
2020-02-04,6.150442600250244,6.1696063504695084,6.073042809199694,6.123066695791716,271544000
2020-02-05,6.240784168243408,6.281599522897075,6.157410868343357,6.271395565560913,208220000
2020-02-06,6.327640056610107,6.327640056610107,6.193994633007796,6.275127851182207,218284000
2020-02-07,6.261440277099609,6.309722042005786,6.236054755001405,6.287572013355755,189752000
2020-02-10,6.54465913772583,6.545405351799179,6.27910946084505,6.284087069479362,529608000
2020-02-11,6.667106628417969,6.78183801655105,6.590951003561365,6.652920962882322,638556000
2020-02-12,6.782832622528076,6.789303609316135,6.6810427471678455,6.719867243823403,374644000
2020-02-13,6.739031791687012,6.806228103383179,6.6974697445623725,6.724846125184742,528016000
2020-02-14,7.212142467498779,7.341059519682939,7.11781899548029,7.149177081897548,1041924000
2020-02-18,7.380878925323486,7.399295984825902,7.0894466884047596,7.108858700139689,620164000
2020-02-19,7.832088470458984,7.849758840322369,7.503325127505003,7.503325127505003,694332000
2020-02-20,7.682764530181885,7.872406892694111,7.375404030472952,7.784056461298665,810052000
2020-02-21,7.318661212921143,7.5956590844997995,7.2337950040236585,7.5705227712258205,768180000
2020-02-24,6.8012495040893555,7.015033220439057,6.669843655720504,6.724347196251177,856916000
2020-02-25,6.521762847900391,6.9383791289907055,6.419972975741394,6.876409179119824,1055496000
2020-02-26,6.6611328125,6.855255296567621,6.520518914603024,6.522011817590938,747732000
2020-02-27,6.2903361320495605,6.6489302455680726,6.197948305148538,6.347611445500659,906416000
2020-02-28,6.725379943847656,6.784896660381893,6.021141466761497,6.037825906342505,1133252000
2020-03-02,6.883759021759033,6.912646039429373,6.499515804177386,6.895463350895679,890744000
2020-03-03,6.62129020690918,6.9993080317615535,6.535874989755317,6.9395424109328125,652792000
2020-03-04,7.084970951080322,7.094433875085668,6.653910847652948,6.728618217428023,597408000
2020-03-05,6.805566310882568,7.052348512985512,6.76099087219597,6.885502676379965,540328000
2020-03-06,6.625024795532227,6.683545501636067,6.424809580590504,6.626020817874118,515412000
2020-03-09,6.112036228179932,6.459673198416253,5.931245111708743,5.9740769221666445,614160000
2020-03-10,6.501510143280029,6.501510143280029,6.125733693932417,6.388453275544626,580648000
2020-03-11,6.137683868408203,6.389944870448198,6.040564826546116,6.361556103218185,499964000
2020-03-12,5.386630058288574,5.879945599168345,5.373929705464922,5.614486423807878,816540000
2020-03-13,5.9974846839904785,6.001967021688667,5.468807747955837,5.739994165932216,634836000
2020-03-16,4.8908233642578125,5.630423762094132,4.8310577571051,5.289510107058595,726972000
2020-03-17,5.410536289215088,5.499936062141312,4.756351479681672,5.003133705903673,833632000
2020-03-18,5.050696849822998,5.2280016368582345,4.499358867162587,4.982962586228591,874268000
2020-03-19,5.303455352783203,5.3970880811724395,4.815867142222051,5.029279960655798,765512000
2020-03-20,5.123660564422607,5.735511233684111,5.108221033415552,5.453616536843475,804636000
2020-03-23,5.296483516693115,5.390863877993336,4.943617068293397,5.122665029285088,643876000
2020-03-24,6.205170154571533,6.291830739752973,5.678983523079029,5.702640595125703,1101644000
2020-03-25,6.116517543792725,6.519935497420141,6.067708657505267,6.320218564952922,793432000
2020-03-26,6.405884742736816,6.529898321725795,6.225591384455228,6.323706480486076,696108000
2020-03-27,6.293574333190918,6.552309772659619,6.192719592793357,6.225590704111467,638828000
2020-03-30,6.61381721496582,6.623031250747414,6.314988731237468,6.359065915963282,602252000
2020-03-31,6.564260959625244,6.858108825947731,6.4185819352307405,6.653909115047132,949960000
2020-04-01,6.053018093109131,6.512715950868044,6.008443118777632,6.366290197653888,656912000
2020-04-02,6.361806869506836,6.375004996448508,6.034091777591289,6.082153060595825,675764000
2020-04-03,6.073935508728027,6.365790946733612,5.936474454401283,6.324204046373109,663212000
2020-04-06,6.683792591094971,6.720648257683184,6.298552911703662,6.356077579996272,727884000
2020-04-07,6.450459003448486,6.929082636686835,6.407377832223849,6.9054250880511185,784520000
2020-04-08,6.647685527801514,6.672587985050832,6.489555470489437,6.559531142622338,542444000
2020-04-09,6.5480756759643555,6.796352144168481,6.48507263965406,6.773442208223735,525564000
2020-04-13,6.719902515411377,6.728618304084489,6.399907202770345,6.488310473583268,398408000
2020-04-14,7.0710248947143555,7.1051409096792435,6.820507036012327,6.848148669477411,530948000
2020-04-15,6.993579387664795,7.076504300320507,6.857612606318215,6.9029347084421175,366148000
2020-04-16,7.338725566864014,7.445805794447285,7.135771668046719,7.148969793895517,745620000
2020-04-17,7.279458522796631,7.4423198025387185,7.145483789087821,7.42090366109645,539120000
2020-04-20,7.148223400115967,7.308843758155547,7.1038973186254335,7.152955099952114,449388000
2020-04-21,6.711435794830322,7.091445616166111,6.651670181611287,7.030186206973382,735160000
2020-04-22,7.125811576843262,7.16864386436496,6.858111442244834,6.9036824351032005,483356000
2020-04-23,7.072518825531006,7.299877392298321,7.047367484462369,7.167895192131679,424160000
2020-04-24,7.2114739418029785,7.213465986100305,6.987601696004184,7.062309056851469,352328000
2020-04-27,7.397994518280029,7.557867748351384,7.321295094747298,7.345948667480106,479388000
2020-04-28,7.255552291870117,7.57529872664852,7.250073931686254,7.545415682520919,442904000
2020-04-29,7.432359218597412,7.485152200070191,7.315068924983544,7.390274070522347,379160000
2020-04-30,7.278461933135986,7.432358525382171,7.264516672346665,7.378320164848729,375916000
2020-05-01,7.041890621185303,7.1942929707272105,6.993579973133149,7.080987230957178,342096000
2020-05-04,7.253808975219727,7.26750535035429,6.994575294874223,6.994575294874223,317556000
2020-05-05,7.3148193359375,7.477431715733212,7.253808345175907,7.357900502172547,368896000
2020-05-06,7.415674686431885,7.520513994329122,7.356407319472772,7.394259018524748,323464000
2020-05-07,7.591982841491699,7.655234767610334,7.503579572014176,7.554878280997428,373732000
2020-05-08,7.781988620758057,7.788214116659685,7.629835164045799,7.663702298727556,339216000
2020-05-11,8.033997535705566,8.080813891837634,7.748367225992031,7.777004875488519,469060000
2020-05-12,7.772027015686035,8.140581862302048,7.7623152046208865,8.091773445172167,493060000
2020-05-13,7.749615669250488,8.046949472924325,7.565088875981364,7.886578477433536,625852000
2020-05-14,7.9991374015808105,8.004615761813872,7.657476573048919,7.811124296159044,602312000
2020-05-15,8.457587242126465,8.467298575524598,7.843245897487906,7.858934312930551,987660000
2020-05-18,8.716073989868164,8.881674894814699,8.646596579808966,8.726284047612651,774460000
2020-05-19,8.771108627319336,9.05200681717185,8.728525237656509,8.755917983642572,717320000
2020-05-20,8.934967994689941,9.007682848110791,8.854035125997962,8.955885888143905,587536000
2020-05-21,8.74097728729248,9.017143781798746,8.70337448278316,9.016148234630046,761068000
2020-05-22,8.990996360778809,9.057486181890054,8.679219108082181,8.790781187022999,1038764000
2020-05-26,8.68370246887207,9.14589101839165,8.638131479647026,9.120988085794831,770780000
2020-05-27,8.491954803466797,8.599034084910985,7.965518321925909,8.591314793554313,1175892000
2020-05-28,8.453852653503418,8.726283931056674,8.346522605229085,8.379393709007788,734896000
2020-05-29,8.840834617614746,8.840834617614746,8.451859728079999,8.521088250995614,745256000
2020-06-01,8.771856307983398,8.806221687857695,8.655562517360025,8.798751283519696,389876000
2020-06-02,8.79078197479248,8.802735191457245,8.624185501823682,8.761895905306496,391320000
2020-06-03,8.735250473022461,8.831622874015267,8.666021935863746,8.787795042920095,365440000
2020-06-04,8.736247062683105,8.912386326144187,8.647553504406243,8.697879144021291,424280000
2020-06-05,8.889219284057617,8.965953240892395,8.677950951924133,8.76415262832775,481748000
2020-06-08,8.774612426757812,8.859069161454645,8.65577368666941,8.846612491618359,387736000
2020-06-09,9.014781951904297,9.078312217954664,8.721049866135466,8.769631554767159,468488000
2020-06-10,9.33442211151123,9.467212458799343,9.121907945863859,9.1361095172553,632180000
2020-06-11,8.765894889831543,9.229289397995633,8.755680170871136,9.118423392635822,583652000
2020-06-12,8.901674270629883,9.15554539189167,8.673215446649964,9.130881046214606,570908000
2020-06-15,9.142093658447266,9.150564425960592,8.713577174373565,8.784831221668995,400004000
2020-06-16,9.037203788757324,9.23477038751409,8.808246985074005,9.193164514152052,535716000
2020-06-17,9.204126358032227,9.266908669502051,9.038947864267794,9.08229864167295,408304000
2020-06-18,9.186189651489258,9.250466921441895,9.083046458766479,9.195158418164446,254408000
2020-06-19,9.229290008544922,9.412406059960434,9.195407893756292,9.21060547299909,524160000
2020-06-22,9.493875503540039,9.498360363074465,9.241250275253519,9.267908531227382,398468000
2020-06-23,9.417388916015625,9.60922473407461,9.375036034949984,9.518040209035501,375108000
2020-06-24,9.20362663269043,9.523518891316732,9.11294013828805,9.44354511387292,449372000
2020-06-25,9.45724868774414,9.4721972631526,9.150561019377776,9.323462311698346,376072000
2020-06-26,9.123407363891602,9.467217092844338,9.093511154968905,9.467217092844338,592084000
2020-06-29,9.168252944946289,9.172737804344859,8.86928797872755,9.138107732981206,342248000
2020-06-30,9.464974403381348,9.49337565709447,9.234522616334136,9.281858355983763,367892000
2020-07-01,9.497110366821289,9.542703093000721,9.380514522786697,9.487892601594718,326648000
2020-07-02,9.579079627990723,9.703897268706609,9.545196562472253,9.605736929256501,364056000
2020-07-06,9.805294036865234,9.874554159667008,9.678981462887307,9.708130664633469,315892000
2020-07-07,9.837682723999023,10.035248385894452,9.81675528569357,9.911925710056408,357800000
2020-07-08,10.180746078491211,10.189715796668938,9.9311107813618,9.959263037333473,365480000
2020-07-09,10.472733497619629,10.533522858711208,10.19818394553141,10.344427963094862,494548000
2020-07-10,10.443085670471191,10.618477930540756,10.342932393289248,10.552207713445835,497676000
2020-07-13,10.017560958862305,10.755007091244167,9.990404705995894,10.558438359648575,457076000
2020-07-14,10.34118938446045,10.366850682254316,9.751730337959055,10.04023152466325,542676000
2020-07-15,10.191956520080566,10.396996003532037,10.02104815021368,10.378311468876817,403984000
2020-07-16,10.099777221679688,10.171528314447539,9.861352646599135,9.980440433918838,344964000
2020-07-17,10.166295051574707,10.213132788399555,10.052938091572605,10.190212395992338,266284000
2020-07-20,10.474479675292969,10.494909117056759,10.121701155338005,10.23879599441658,284852000
2020-07-21,10.292856216430664,10.523557935067851,10.251250340995028,10.476719249769989,277036000
2020-07-22,10.402727127075195,10.565911737188781,10.255985098028882,10.33172304210224,367292000
2020-07-23,10.094792366027832,10.510602112104115,9.996632039770423,10.413936738581402,411660000
2020-07-24,10.159319877624512,10.32898230288005,9.743261080131965,9.840922467199292,473292000
2020-07-27,10.38553524017334,10.405714725652683,10.182487780384779,10.196938356220194,292132000
2020-07-28,10.18024730682373,10.346172824798396,10.1740194451191,10.338450010177334,271636000
2020-07-29,10.429384231567383,10.47995887667741,10.31129340937831,10.354892241369713,284508000
2020-07-30,10.577372550964355,10.586341318065257,10.259722142656354,10.339196994838801,308880000
2020-07-31,10.578120231628418,10.729347131097473,10.39699712310846,10.52679762994463,386080000
2020-08-03,10.972254753112793,11.06044937073828,10.678272694361175,10.695463227056676,412720000
2020-08-04,11.189003944396973,11.189003944396973,10.86836458429402,11.011867707424818,310336000
2020-08-05,11.24779987335205,11.332506580940676,11.127716100125092,11.205197994341091,249924000
2020-08-06,11.296382904052734,11.318805298439145,11.140174095044648,11.310583532074679,244316000
2020-08-07,11.16085433959961,11.465051190793494,10.999413644158329,11.273464330605277,342516000
2020-08-10,11.126470565795898,11.368881025799643,10.819034882228621,11.295136986086273,427796000
2020-08-11,10.812556266784668,11.098316512695563,10.758492772663406,11.035533253455245,354512000
2020-08-12,11.400772094726562,11.427429397401577,10.920435042632398,10.952823156927446,464412000
2020-08-13,11.403512001037598,11.681300500548199,11.316563329189249,11.506156253897396,374460000
2020-08-14,11.524093627929688,11.664357841752082,11.401019946468677,11.490210564033843,366436000
2020-08-17,12.294425964355469,12.36692500157999,11.7764699343852,11.810352048276599,621300000
2020-08-18,12.218441009521484,12.452879691495585,12.044543652347787,12.407037947095919,503448000
2020-08-19,12.096609115600586,12.27249936656039,12.056248246226009,12.254063835239679,622624000
2020-08-20,12.099103927612305,12.33229665139421,11.837758946746654,11.933677341805534,921388000
2020-08-21,12.639731407165527,12.76454905109329,12.153165555775876,12.159643368535798,999868000
2020-08-24,12.676353454589844,12.867940264465586,12.46433720627704,12.839289060494515,490564000
2020-08-25,12.706000328063965,12.71721104864007,12.53035810263913,12.5871615578878,289076000
2020-08-26,12.728921890258789,12.82409232523214,12.634000455714471,12.755081191057094,321244000
2020-08-27,12.584670066833496,12.805655066718726,12.523132755342244,12.73739094301535,317604000
2020-08-28,13.102376937866211,13.10262593825955,12.59887058142453,12.631258689838903,537160000
2020-08-31,13.328347206115723,13.52815485178674,12.99275924123955,13.137258377321622,500840000
2020-09-01,13.777423858642578,13.949628715914594,13.394135646999624,13.43749844258289,511316000
2020-09-02,14.30126667022705,14.68031774007987,13.856173684418954,14.657389542912652,874012000
2020-09-03,12.974464416503906,13.840724090532843,12.838145345378821,13.785149967250463,945128000
2020-09-04,12.5827054977417,13.133463404372108,11.667848528156505,12.743446288728798,1463684000
2020-09-08,11.875441551208496,12.510433341431117,11.667349913206706,11.69750413983094,795728000
2020-09-09,12.674912452697754,12.76886502863657,12.193185421465744,12.360905048543636,736200000
2020-09-10,12.272934913635254,13.024059324113075,12.128640676598586,12.94829871786249,698684000
2020-09-11,12.126148223876953,12.612609582792775,11.858245343800984,12.446136279849737,636928000
2020-09-14,12.831664085388184,13.2730180953872,12.591424721305764,13.039756630255994,1201744000
2020-09-15,12.950042724609375,13.25682221304241,12.787307442411516,13.238131137079726,727556000
2020-09-16,12.475045204162598,13.051472087075725,12.474297979375853,12.916399323525857,556384000
2020-09-17,12.424203872680664,12.550056085435168,11.996805639874852,12.093998080166804,792512000
2020-09-18,12.1508207321167,12.592672993531387,11.950953315876442,12.554045465543362,698460000
2020-09-21,12.477785110473633,12.48301853522082,11.866966963073288,11.887402512276836,721044000
2020-09-22,12.597905158996582,12.608122933885662,12.11717634274842,12.535353135164089,646452000
2020-09-23,12.085526466369629,12.686875066180855,12.04116736498731,12.535852009546938,647012000
2020-09-24,12.309069633483887,12.529871698718129,11.976123011187333,12.034189790419692,731240000
2020-09-25,12.833160400390625,12.842880024908961,12.207141098410291,12.408254808000864,588016000
2020-09-28,12.993903160095215,13.010600685407562,12.709801858885758,12.99913658510344,573808000
2020-09-29,13.184052467346191,13.400368327891107,12.89247510346008,12.896711278367409,621460000
2020-09-30,13.487841606140137,13.579551557205184,13.10879047677623,13.116017451742245,689184000
2020-10-01,13.571578025817871,13.71936026989289,13.418312330469947,13.714625944764755,525004000
2020-10-02,13.02106761932373,13.476875649121473,13.00985259385237,13.183304746291645,552496000
2020-10-05,13.599486351013184,13.601230825815566,13.181059571982587,13.194268145772405,479820000
2020-10-06,13.693190574645996,14.09741250205041,13.621916178803843,13.786395919465548,784420000
2020-10-07,13.919975280761719,14.074736369831703,13.819792021827784,13.955612959185514,418084000
2020-10-08,13.795119285583496,14.040094914623563,13.714624359696066,14.03062436412646,378900000
2020-10-09,13.71935749053955,13.780664136525914,13.617679798335953,13.723594615604076,346892000
2020-10-12,14.181150436401367,14.301769256477742,13.868639335295843,13.945396247707503,434744000
2020-10-13,14.203329086303711,14.303263268238275,13.974552820948032,14.251427164697901,344604000
2020-10-14,14.050812721252441,14.297531907685247,13.915989026074767,14.24544672497904,276100000
2020-10-15,13.925954818725586,13.961591541202662,13.724342005426598,13.767206653022203,267224000
2020-10-16,13.767955780029297,14.076978854570742,13.74901562850576,13.99249587281889,242392000
2020-10-19,13.455196380615234,13.939414220058843,13.364482718053416,13.859168359537124,298068000
2020-10-20,13.60247802734375,13.756241845405201,13.464414483515402,13.540673229981198,229212000
2020-10-21,13.482111930847168,13.748021315370224,13.435011095489598,13.582046128299739,219596000
2020-10-22,13.318875312805176,13.568834334002846,13.19003228924796,13.479866110525936,290480000
2020-10-23,13.547401428222656,13.550392228128988,13.249344355802839,13.407593415945206,233484000
2020-10-26,13.09981918334961,13.649580786393301,12.997393298631682,13.384668685989434,336896000
2020-10-27,13.354513168334961,13.39962044326866,13.149909542923867,13.264048592896252,250520000
2020-10-28,12.587190628051758,13.218195337375095,12.569247726617979,13.156390531397943,376520000
2020-10-29,12.98293685913086,13.151154617918088,12.709800585121364,12.798021576704697,320080000
2020-10-30,12.49448299407959,12.895713186897273,12.261220547784955,12.809486688870361,416820000
2020-11-02,12.541086196899414,12.796278653138547,12.355921817146161,12.6178430986326,299652000
2020-11-03,12.97845458984375,13.06368480734356,12.563018478769813,12.668435175677907,272900000
2020-11-04,13.75075912475586,13.783905100563205,13.294951096689376,13.347036272004377,410228000
2020-11-05,14.115355491638184,14.293791032615538,13.946888650320856,14.117848141886952,319028000
2020-11-06,14.516090393066406,14.542755669985283,13.851193438556013,14.065265730682986,383348000
2020-11-09,13.587775230407715,14.6451809486513,13.567838779939635,14.506619243028116,582976000
2020-11-10,12.729740142822266,13.563602104010792,12.588436707125263,13.563602104010792,644068000
2020-11-11,13.375697135925293,13.392643737566482,12.907427719129638,13.01259532860774,404744000
2020-11-12,13.414325714111328,13.722600640484298,13.274019515738951,13.436505742936536,365812000
2020-11-13,13.255077362060547,13.625655192905109,13.018076883230666,13.58428594217903,346312000
2020-11-16,13.472640037536621,13.606466469393995,13.114522593552389,13.130970094085628,413776000
2020-11-17,13.379931449890137,13.55338264099066,13.261805306020042,13.509770768324225,312028000
2020-11-18,13.3864107131958,13.562852697914124,13.143429609551601,13.422795610021868,510924000
2020-11-19,13.397875785827637,13.44497661001742,13.058698515613026,13.171093089061117,565936000
2020-11-20,13.046490669250488,13.451958096429653,13.023811537926372,13.41158608645559,341088000
2020-11-23,13.0985746383667,13.340309476449224,12.974466868389637,13.129726118332753,361356000
2020-11-24,12.91689682006836,13.120502239825685,12.844376096717541,13.101063940439783,346500000
2020-11-25,13.193023681640625,13.227664107698024,12.978951400504695,12.991411800755374,259916000
2020-11-27,13.219440460205078,13.365230096581229,13.128976828642482,13.332832293979013,167276000
2020-11-30,13.359249114990234,13.370215066759313,12.931352638422043,13.22318004895571,286952000
2020-12-01,13.347785949707031,13.486098591334457,13.186545104830103,13.44971368699047,296948000
2020-12-02,13.50179672241211,13.630389717182007,13.192524609305062,13.308408129801464,283360000
2020-12-03,13.357710838317871,13.620956200375707,13.290902903796256,13.548663195020822,199520000
2020-12-04,13.519495964050293,13.521240954299476,13.350480107402767,13.410058924346519,202244000
2020-12-07,13.567859649658203,13.692004086109401,13.46141521930182,13.562375529143035,223244000
2020-12-08,13.311842918395996,13.559881665713313,13.243538190304427,13.546170890394157,271920000
2020-12-09,12.893789291381836,13.375657659277737,12.831467938222275,13.262482439496566,401300000
2020-12-10,12.935168266296387,13.031392812609939,12.812768870818106,12.832213859581788,207764000
2020-12-11,12.976054191589355,12.982785004370417,12.786347593211344,12.930185195475408,209264000
2020-12-14,13.270709991455078,13.350481252818426,13.040121159359513,13.050591101752886,270156000
2020-12-15,13.322312355041504,13.425515937821444,13.149059056353826,13.401335220553591,193016000
2020-12-16,13.204646110534668,13.398839242828991,13.174731182001711,13.384130926991391,223116000
2020-12-17,13.303118705749512,13.341259349880422,13.14083363133033,13.32854516787109,231384000
2020-12-18,13.234066009521484,13.36668528801916,13.033142001811628,13.340759578929227,342064000
2020-12-21,13.294142723083496,13.331785067544075,12.930435361494242,13.03737902706712,302332000
2020-12-22,13.240296363830566,13.299127738654636,13.016687499991681,13.2811795382145,185580000
2020-12-23,12.972064018249512,13.237054329375765,12.967826592484048,13.218108585765947,179144000
2020-12-24,12.956610679626465,13.094964178276724,12.90176852813386,12.999986293991261,97884000
2020-12-28,12.863127708435059,13.025163617065004,12.726769309604906,13.025163617065004,212564000
2020-12-29,12.906256675720215,13.035137791970207,12.805545510600044,12.888059322824821,170372000
2020-12-30,13.108177185058594,13.175982669365197,12.859889273960427,12.953121220539163,225396000
2020-12-31,13.017683982849121,13.11340929563424,12.87808381553672,13.098951077067488,192424000
2021-01-04,13.076016426086426,13.613476275130822,12.92544801691905,13.066793177906842,560640000
2021-01-05,13.366436004638672,13.405074943901147,13.049594230220292,13.062307460654432,322760000
2021-01-06,12.578442573547363,13.207140183326443,12.550024433960509,13.18470445961902,580424000
2021-01-07,13.305859565734863,13.33951363281077,12.849667703065894,12.930435562151088,461480000
2021-01-08,13.238799095153809,13.38263668450352,13.004720314461348,13.324304563885628,292528000
2021-01-11,13.582565307617188,13.92109533146687,13.324305789405765,13.380394628106359,518344000
2021-01-12,13.446207046508789,13.71518662773532,13.30685695821669,13.713191537825285,291476000
2021-01-13,13.493072509765625,13.58605625119282,13.346742461050818,13.451441887632267,210028000
2021-01-14,13.162519454956055,13.56087745931454,13.142826263852895,13.536198445576108,283120000
2021-01-15,12.822744369506836,13.28716288467263,12.811776129686693,13.190190863914939,277780000
2021-01-19,12.988020896911621,13.056573821043251,12.807288385767938,12.97904584526776,226188000
2021-01-20,13.327546119689941,13.392110759074399,13.019429339264908,13.074271482544104,258572000
2021-01-21,13.827863693237305,13.959237226928826,13.215120034647857,13.380146684400248,337780000
2021-01-22,13.673304557800293,13.802185641575923,13.588298330647525,13.700726105452485,246820000
2021-01-25,13.614225387573242,13.788974533130535,13.198666607439788,13.742358087685238,251112000
2021-01-26,13.396849632263184,13.605750200050279,13.349235639705508,13.541683847092358,163980000
2021-01-27,12.880826950073242,13.194926152460098,12.757180837312008,13.192183617318866,371272000
2021-01-28,13.013696670532227,13.30162199857024,12.923455463539968,12.95910366922323,228316000
2021-01-29,12.952620506286621,13.296634637804713,12.874594241549072,13.037626732062714,271552000
2021-02-01,13.199166297912598,13.232819414804796,12.86587120677705,13.015941342408876,217204000
2021-02-02,13.518000602722168,13.533206267613787,13.247525202589054,13.360452226804785,220440000
2021-02-03,13.491826057434082,13.891929046731677,13.477866134624353,13.597023775479286,245408000
2021-02-04,13.625194549560547,13.634417798850047,13.299627828583862,13.492325175349118,201340000
2021-02-05,13.552153587341309,13.6979862959355,13.50703298248736,13.68577136233769,169152000
2021-02-08,14.397480010986328,14.432379818392382,13.688013522894353,13.688013522894353,434624000
2021-02-09,14.222480773925781,14.541565792790065,14.181846750202897,14.299758642023518,287560000
2021-02-10,14.72204875946045,14.862396381578142,14.300507596143618,14.421909473206185,485352000
2021-02-11,15.207159042358398,15.22859817563987,14.882340720231461,14.937432968957507,450828000
2021-02-12,14.918487548828125,15.247544255487185,14.732769210253142,15.006983766434686,374756000
2021-02-16,15.286430358886719,15.328560224455654,14.907267274456522,15.021190889000872,321960000
2021-02-17,14.863394737243652,15.17998735005581,14.737754476290354,15.127636686605337,274756000
2021-02-18,14.786615371704102,14.830738429748369,14.533340707240383,14.686900817071333,233868000
2021-02-19,14.883834838867188,15.133618542959208,14.804312733125371,14.981554292445454,271724000
2021-02-22,14.314719200134277,15.089997140840495,14.284056814366492,14.732521308254674,325884000
2021-02-23,14.101577758789062,14.19805147445636,13.351228116185384,14.035018027091663,391780000
2021-02-24,14.45755672454834,14.465285082228274,13.716680430519219,14.082382854481477,448320000
2021-02-25,13.269464492797852,14.333664338191792,13.178475835369932,14.005355063249329,824436000
2021-02-26,13.675300598144531,13.814899830880389,13.322810633589587,13.713191139209655,500932000
2021-03-01,13.802188873291016,13.885200981115693,13.514513605959072,13.835343696524083,353184000
2021-03-02,13.367928504943848,13.880708333900353,13.357707713070946,13.860266750154551,264116000
2021-03-03,12.768150329589844,13.413051207077928,12.762166962212012,13.387873897050037,377592000
2021-03-04,12.334893226623535,12.93791536777413,12.049212120822903,12.764162806346638,573344000
2021-03-05,12.425880432128906,12.514127488088242,11.64586599874504,12.514127488088242,542840000
2021-03-08,11.560112953186035,12.435602648184473,11.533438850520735,12.414413615899687,543112000
2021-03-09,12.48877239227295,12.585029220167039,12.02893097921558,12.099752572699794,521824000
2021-03-10,12.436903953552246,12.94736663668477,12.426181162680194,12.808217687288016,384376000
2021-03-11,12.960834503173828,13.013452477307373,12.70248579612191,12.917443914087112,299916000
2021-03-12,12.823678016662598,12.856345807578716,12.55834698640387,12.616450011981625,243964000
2021-03-15,13.158086776733398,13.173547877909758,12.735152934451662,12.832407665262366,221988000
2021-03-16,13.257834434509277,13.478527766958353,13.083772684178307,13.322919832651639,272128000
2021-03-17,13.307710647583008,13.419428593633414,12.956844570714871,13.006968295981748,243864000
2021-03-18,12.69051456451416,13.150854487628825,12.685028551725626,13.103474248516884,293896000
2021-03-19,12.813454627990723,12.889014536593395,12.580791371714232,12.717945495627424,299208000
2021-03-22,13.153099060058594,13.360825558253854,12.874301724797736,12.880287158091585,297804000
2021-03-23,13.037887573242188,13.310948660290906,12.988511562612349,13.220925552884216,222048000
2021-03-24,12.611211776733398,13.126164395394726,12.604978061665847,13.118184136627491,245840000
2021-03-25,12.50373363494873,12.682782915136395,12.241146098262075,12.468074080612768,295144000
2021-03-26,12.80696964263916,12.823927099731126,12.342390872874107,12.522935565816912,363968000
2021-03-29,12.915695190429688,13.029658124517944,12.668069335591795,12.78801675063455,273520000
2021-03-30,12.83938980102539,12.942629963313632,12.673059062634387,12.80971472304937,200204000
2021-03-31,13.314692497253418,13.436634761447108,12.949861691430945,12.982778720855652,314776000
2021-04-01,13.777026176452637,13.835129204542868,13.477280798414757,13.538128259715098,308276000
2021-04-05,13.95233154296875,13.978764663116609,13.698471041942446,13.832633372058437,255672000
2021-04-06,13.826650619506836,14.018916004314782,13.738872514596373,13.964553395548302,191744000
2021-04-07,14.107942581176758,14.207690603431818,13.67702849951117,13.845852528976325,251284000
2021-04-08,14.281005859375,14.43511743681889,14.213176027468212,14.21691739862396,244416000
2021-04-09,14.363798141479492,14.371778402447765,14.139364360339467,14.178265873277429,195172000
2021-04-12,15.17076301574707,15.313902572730411,14.10370261858076,14.253824546574181,869324000
2021-04-13,15.640077590942383,15.660526231654305,15.087719813647215,15.193204016411586,676212000
2021-04-14,15.238594055175781,15.680978662596893,15.189218033930018,15.585718757163326,385500000
2021-04-15,16.096681594848633,16.173487680774556,15.592202403913975,15.623124606404787,598480000
2021-04-16,15.872495651245117,16.12510909130004,15.825363694035376,16.012641545241966,335208000
2021-04-19,15.32313060760498,15.7677602395464,15.194704433980464,15.497441617862325,404420000
2021-04-20,15.133108139038086,15.458038566239265,14.925381656950178,15.284725469092292,334132000
2021-04-21,15.321883201599121,15.323878028896175,15.064282220242037,15.08074025890028,216776000
2021-04-22,14.812915802001953,15.399687065149584,14.746333090501135,15.33634630471237,277788000
2021-04-23,15.226871490478516,15.29644596297973,14.862789373652932,14.896703337927875,227500000
2021-04-26,15.439085960388184,15.440083849597968,15.08697376083181,15.146823331502622,197796000
2021-04-27,15.34307861328125,15.631102358075223,15.315896833735502,15.53933364907408,164572000
2021-04-28,15.238343238830566,15.493201692864114,15.177247490188085,15.325873065531082,209416000
2021-04-29,15.286221504211426,15.397690199904106,15.033608086346442,15.36128198854834,173196000
2021-04-30,14.971762657165527,15.326369079550142,14.959294274928283,15.136348727292862,201912000
2021-05-03,14.799448013305664,15.208417054015928,14.7503221859339,15.08697327520045,203912000
2021-05-04,14.315171241760254,14.60070173515506,13.975028897504052,14.600452500628666,405324000
2021-05-05,14.422149658203125,14.776257644037008,14.351328061036348,14.672019599835691,292024000
2021-05-06,14.48648738861084,14.53461628081526,14.182254838103722,14.45880713985873,193380000
2021-05-07,14.77501106262207,14.933112300510395,14.63486422135409,14.771021408101264,229328000
2021-05-10,14.229887008666992,14.768778689541142,14.21417667136426,14.750075635244501,268904000
2021-05-11,14.270282745361328,14.318660873982997,13.715431575761658,13.790242830465013,285584000
2021-05-12,13.723908424377441,14.224396914953214,13.674782598990006,13.974276811259632,303408000
2021-05-13,13.630892753601074,14.04534874580516,13.425161115583645,13.998466030075901,285404000
2021-05-14,14.207192420959473,14.291978764788404,13.713935458707894,13.855080192512533,258616000
2021-05-17,14.129886627197266,14.13362704722991,13.818671694394718,14.121407897860808,216980000
2021-05-18,13.980514526367188,14.368038055729718,13.968793845011385,14.231133153637117,186256000
2021-05-19,14.030385971069336,14.044101476880362,13.509199604080083,13.532390775960163,344000000
2021-05-20,14.575760841369629,14.646831663636233,14.23462070423462,14.266539837566173,321592000
2021-05-21,14.954059600830078,15.183731096129877,14.832117340430838,15.125627113969413,672992000
2021-05-24,15.572750091552734,15.705415135802376,15.137845424049145,15.174253635999285,554816000
2021-05-25,15.608407974243164,15.77872833588339,15.443573624564127,15.726360560876719,435408000
2021-05-26,15.660529136657715,15.754043443944218,15.547065605147322,15.69469328900032,370440000
2021-05-27,15.449061393737793,15.710402780852254,15.42113191055747,15.66027906156566,581476000
2021-05-28,16.203659057617188,16.236577036281336,15.46202947906416,15.46202947906416,644536000
2021-06-01,16.22361183166504,16.3470514176023,15.863270065401705,16.229098796505948,472804000
2021-06-02,16.736064910888672,16.87621267756659,16.194680117402555,16.211388338449286,594168000
2021-06-03,16.927087783813477,17.215611938318762,16.541310797438655,16.658764943328784,580008000
2021-06-04,17.534055709838867,17.616596077162153,17.052519499034798,17.06947505300827,617120000
2021-06-07,17.574703216552734,17.76771725198459,17.149526305796652,17.52707469646401,575756000
2021-06-08,17.413110733032227,17.577196435464696,17.207627375092446,17.483183670666758,323848000
2021-06-09,17.31857681274414,17.534832519599075,17.216312069425967,17.47571805921768,381656000
2021-06-10,17.38517189025879,17.452020091808027,17.13674237056941,17.3103444553602,287772000
2021-06-11,17.784507751464844,17.898247503293362,17.403879495985695,17.439547219530038,416308000
2021-06-14,17.977569580078125,17.9982722041519,17.62238417950147,17.865078154683058,321376000
2021-06-15,17.747848510742188,17.975078819526285,17.687487575752424,17.874060506433292,243032000
2021-06-16,17.769546508789062,17.913717005111053,17.5443124591101,17.75009224553801,307124000
2021-06-17,18.614606857299805,18.79195023048878,17.715667091470888,17.733874892512524,809656000
2021-06-18,18.59615135192871,19.330718581922177,18.54152604115206,18.74106970383863,968856000
2021-06-21,18.385133743286133,18.494135068349298,17.78201553321056,18.39311488047978,672384000
2021-06-22,18.843584060668945,18.920409647101682,18.343978923682204,18.429284231032042,580144000
2021-06-23,19.01369285583496,19.108975530104733,18.864534651482277,18.96430647751163,332356000
2021-06-24,19.16160774230957,19.375617954100715,19.044625261877087,19.18380801912582,320924000
2021-06-25,18.987503051757812,19.301285040207212,18.851315628683007,19.236433070795265,278364000
2021-06-28,19.9393253326416,20.03286106908621,19.274847095565143,19.317000214420624,495436000
2021-06-29,19.98097801208496,20.052812050401002,19.612072127487256,19.837056837882255,367632000
2021-06-30,19.956787109375,20.116421295455844,19.81835413049353,19.95354441508654,326568000
2021-07-01,20.165803909301758,20.409245712086076,19.973244233081605,20.079002860645495,480136000
2021-07-02,20.440176010131836,20.458385715167392,20.241382131269432,20.39353374130317,342764000
2021-07-06,20.651199340820312,20.794370789557213,20.303745727146765,20.69010977628683,446708000
2021-07-07,20.325193405151367,20.827293427168946,20.285535100146795,20.8058429274563,418428000
2021-07-08,19.857263565063477,20.086986749821186,19.655725557948074,19.81111987540912,503300000
2021-07-09,20.004425048828125,20.03435717009147,19.709102017056413,19.91687611559388,296624000
2021-07-12,20.465618133544922,20.4858202675907,20.141609472181255,20.193739960128703,321984000
2021-07-13,20.20372200012207,20.41448952793503,20.068033125156855,20.35387740282785,290708000
2021-07-14,19.79615592956543,20.371089112577874,19.707609813917827,20.311226762267825,380100000
2021-07-15,18.922897338867188,19.801634818144596,18.815393689452353,19.766465680127965,550564000
2021-07-16,18.11949348449707,19.11321747883699,18.03169525755164,18.98700740866609,688224000
2021-07-19,18.736827850341797,18.998477447310524,17.824666134451522,17.8743037047261,749060000
2021-07-20,18.56946563720703,18.79494899349786,18.12248949419843,18.687196003066212,434687000
2021-07-21,19.365633010864258,19.482366154034548,18.699160637389774,18.838840020336196,371017000
2021-07-22,19.549219131469727,19.841548769491073,19.2319451068273,19.597109765716453,323826000
2021-07-23,19.51329803466797,19.65497367183318,19.206001448211797,19.61107361577112,195672000
2021-07-26,19.24990463256836,19.397565194519427,18.87077204812226,19.266865977371694,203943000
2021-07-27,19.164098739624023,19.577152067527226,18.698165146922616,19.220967669853962,248863000
2021-07-28,19.45842742919922,19.601100261911586,18.951589008448458,19.274847933928527,202191000
2021-07-29,19.617061614990234,19.80762505431973,19.2838234605119,19.474386899841395,190781000
2021-07-30,19.45443344116211,19.585132640892724,19.218972784196303,19.373617296753032,183497000
2021-08-02,19.704862594604492,19.915380808627756,19.316751690978577,19.654977627712686,217444000
2021-08-03,19.769710540771484,20.175779873517374,19.176069279723396,19.694881202710075,301811000
2021-08-04,20.227664947509766,20.271565011875875,19.782683207905936,19.944313619581152,231309000
2021-08-05,20.58983612060547,20.685617395724258,20.295510226219236,20.453150082936443,211435000
2021-08-06,20.319456100463867,20.52299036416041,20.16381247563589,20.477095961490413,178497000
2021-08-09,20.24861717224121,20.461129719952012,20.096964132095703,20.399271142893213,146443000
2021-08-10,19.890438079833984,20.38330854964685,19.789667174813598,20.275555576217656,179238000
2021-08-11,19.653976440429688,20.00317688001312,19.38559215044887,19.997190075674563,185925000
2021-08-12,19.859506607055664,19.98322184264855,19.57515814398387,19.82458675390574,151652000
2021-08-13,20.141860961914062,20.167802514416586,19.80563126679169,19.859508704764945,183063000
2021-08-16,19.90440559387207,20.240635283225057,19.408539829296206,20.08898224870646,210876000
2021-08-17,19.413528442382812,19.72481563269579,19.222964992831216,19.640008912743852,204585000
2021-08-18,18.996482849121094,19.58912505820869,18.95657336019115,19.45543055388039,285913000
2021-08-19,19.752748489379883,20.448155874466956,18.719115248706455,19.449442482837657,766555000
2021-08-20,20.768421173095703,20.81730896141307,19.887440011150574,19.945306101736577,675741000
2021-08-23,21.907814025878906,21.946724447846748,20.90211844107872,20.923070353137504,575807000
2021-08-24,21.743188858032227,21.9088098112893,21.485779125252666,21.703281272193063,297299000
2021-08-25,22.162233352661133,22.418645969756334,21.672356269378028,21.687321379149566,347701000
2021-08-26,22.017562866210938,22.288940552177326,21.74019837604241,22.14926114072246,237940000
2021-08-27,22.584264755249023,22.670068642424027,22.116336798954833,22.133298143105087,304722000
2021-08-30,22.636144638061523,22.990332802808872,22.499458629372022,22.777820284558313,262580000
2021-08-31,22.33777618408203,22.647121666172822,22.07333584482094,22.647121666172822,259850000
2021-09-01,22.39365577697754,22.649116206575446,22.309833358825784,22.43756357362474,201767000
2021-09-02,22.348751068115234,22.54533595969889,22.247964315304763,22.47049342586675,187834000
2021-09-03,22.79481315612793,22.937511147751092,22.153169913333517,22.27790622612633,280532000
2021-09-07,22.614194869995117,22.850694428150952,22.47448890756114,22.784833671238882,198107000
2021-09-08,22.291879653930664,22.562307925362596,21.93064182704281,22.465512411701877,254434000
2021-09-09,22.13021469116211,22.490453174173346,22.08431220635336,22.264930118963175,196856000
2021-09-10,22.43058204650879,22.578268644590512,22.22302065137504,22.30085522288771,248376000
2021-09-13,22.105274200439453,22.915561685811408,21.811893723783985,22.636151617409755,297500000
2021-09-14,22.19508171081543,22.36272658870624,22.039410651348902,22.228011138976065,199755000
2021-09-15,22.293869018554688,22.31981514344312,21.919660118755335,22.261936936889985,166538000
2021-09-16,22.19508171081543,22.230007727042683,21.880745661445022,22.13620615441447,156033000
2021-09-17,21.85379981994629,22.273911214791905,21.78394779506993,22.252955607329,294503000
2021-09-20,21.068462371826172,21.38778701785786,20.61841355645307,21.10139179807724,349440000
2021-09-21,21.201183319091797,21.379804680314123,20.90580818268113,21.37182213437268,204688000
2021-09-22,21.894712448120117,21.91367146665539,21.151283289924628,21.32092472783552,268726000
2021-09-23,22.4345760345459,22.48746373201777,21.843823860737224,22.09329650200951,248555000
2021-09-24,22.0344181060791,22.102275447550486,21.81488289522603,22.023441631035194,217655000
2021-09-27,21.614309310913086,21.753016037420434,21.280016887936462,21.664203077429683,245215000
2021-09-28,20.655336380004883,21.373818810808345,20.607437297507953,21.169251319443518,343069000
2021-09-29,20.473718643188477,20.972663870201263,20.423822978492204,20.895826640226495,218394000
2021-09-30,20.672300338745117,21.021562413613808,20.64435952502164,20.724190693278036,221009000
2021-10-01,20.698246002197266,20.814997869776846,20.16038154346578,20.706228547845832,240978000
2021-10-04,19.690378189086914,20.49866906348852,19.513751502545517,20.46074911310151,345635000
2021-10-05,20.407859802246094,20.604444742602162,19.812119023512988,19.907917186053545,279282000
2021-10-06,20.656333923339844,20.67629028663116,20.03764098150744,20.077557514740203,297202000
2021-10-07,21.03054428100586,21.277022990094792,20.927760913966573,21.047506715120413,256919000
2021-10-08,20.787057876586914,21.161266841006725,20.731176248192515,21.05648878776723,151258000
2021-10-11,20.65134620666504,21.018569987595196,20.46773431619996,20.53160039737169,163388000
2021-10-12,20.62739372253418,21.01257912959574,20.484695733535407,20.78406211740241,162134000
2021-10-13,20.894826889038086,20.94571989479939,20.669303819377614,20.873871281370185,180652000
2021-10-14,21.700124740600586,21.709104627354822,21.07744058821198,21.243090758622078,243589000
2021-10-15,21.81587791442871,21.88473259084707,21.616300990357516,21.763987571571747,226994000
2021-10-18,22.175119400024414,22.243974077553172,21.59833775960984,21.703117692511093,189494000
2021-10-19,22.242979049682617,22.33179009685353,21.990512506917007,22.22900674096052,161473000
2021-10-20,22.05637550354004,22.38567930946501,21.93563045748002,22.257949059996356,146276000
2021-10-21,22.644132614135742,22.66309354022548,22.036417993365024,22.05038840066262,187590000
2021-10-22,22.67806053161621,23.081207644908968,22.51340958016107,22.7748560370343,249384000
2021-10-25,23.11713218688965,23.305732673219815,22.72196763172872,22.924538524453713,230235000
2021-10-26,24.664854049682617,25.205712322725873,23.873527758265784,23.938391161876506,485898000
2021-10-27,24.3994197845459,25.0370717258524,24.230775672972076,24.422371980713933,245990000
2021-10-28,24.888381958007812,24.897363747264627,24.471264543468838,24.82551514318421,234204000
2021-10-29,25.513063430786133,25.654764066294884,24.94726013432384,24.94825747657164,292503000
2021-11-01,25.77251625061035,25.839374347203503,25.173781601491516,25.59489225344684,265740000
2021-11-02,26.345306396484375,26.6217224937928,25.74557436813177,25.7675292231353,294112000
2021-11-03,26.54189109802246,26.72749955329643,26.179657881858056,26.61373971651481,239910000
2021-11-04,29.738130569458008,31.298830236529806,27.06079022806004,27.171556116532418,1153631000
2021-11-05,29.68923568725586,31.333757862133087,29.347956214634998,30.123317473930538,851260000
2021-11-08,30.739017486572266,31.034392580176473,29.84390851205834,30.085398573379145,503101000
2021-11-09,30.592327117919922,32.241841813464795,29.900790147535126,32.2139010026745,646746000
2021-11-10,29.396852493286133,30.784918765255455,28.717289384564676,29.29407104741433,636206000
2021-11-11,30.32589340209961,30.525472274723953,29.714187526391587,30.403729885686676,332172000
2021-11-12,30.32589340209961,30.615282577072385,29.567496350782378,29.94669582810359,413054000
2021-11-15,29.96165657043457,30.579350162729593,29.18529802087498,30.4875451970534,384909000
2021-11-16,30.13928985595703,30.325895678101027,29.643338471021153,29.69622807533091,264484000
2021-11-17,29.19927215576172,30.444640534447622,28.739244216455628,30.353830996008032,428508000
2021-11-18,31.60817527770996,32.69088536655633,31.25492201136,32.29871672243403,781711000
2021-11-19,32.91542434692383,33.01820772541341,31.837702499852707,32.174988891444876,533867000
2021-11-22,31.88858413696289,34.57390711561954,31.832702519697552,33.446289928208735,754335000
2021-11-23,31.67902946472168,32.29173450046671,30.814855236904044,31.468474145181016,532163000
2021-11-24,32.60506820678711,32.7856861116592,30.862751413189365,31.394627899499515,435162000
2021-11-26,31.436540603637695,32.64099310849513,31.283863498749785,32.53122455866597,283069000
2021-11-29,33.30558395385742,33.3415073019141,31.968410885942486,32.297716490868524,454964000
2021-11-30,32.60706329345703,33.282636999598125,31.79677797027339,33.09902325931394,622066000
2021-12-01,31.37253189086914,33.222849620293175,31.31764088220206,33.15298902873811,484368000
2021-12-02,32.06214904785156,32.41345063590255,30.96333745214234,31.15196289598715,472890000
2021-12-03,30.632001876831055,32.0651488092906,30.070119147107587,31.936403568189156,544325000
2021-12-06,29.977306365966797,30.18089951334633,27.982278547489575,29.820616888870113,658938000
2021-12-07,32.362552642822266,32.38451208748878,30.590083198512986,30.89547671326527,593053000
2021-12-08,31.76275062561035,32.22582919300085,31.358554819452596,31.935407148072855,475551000
2021-12-09,30.429401397705078,32.14099491923516,30.367524347573724,31.67092845038367,488507000
2021-12-10,30.137985229492188,31.24278555655399,29.801655081182673,31.088092914267587,488825000
2021-12-13,28.105031967163086,30.233794155650276,28.060121324277922,30.188883512765113,598344000
2021-12-14,28.28068733215332,28.621009285672024,27.1958475740554,27.643954707145255,667035000
2021-12-15,30.398466110229492,30.439384993244534,27.782674736715105,28.343558104801343,698297000
2021-12-16,28.330585479736328,31.098075396246916,28.03717102685846,31.090091873375695,707366000
2021-12-17,27.745750427246094,28.864522903312924,27.704831542890716,27.929384771071867,713758000
2021-12-20,27.663908004760742,28.088062550537476,27.091049430829106,27.25073127654913,461847000
2021-12-21,29.0172176361084,29.062128280070525,27.34654282285214,28.31761057753916,524385000
2021-12-22,29.341569900512695,29.49626253795648,28.39245970985011,28.833582616767877,395184000
2021-12-23,29.581096649169922,29.999264606574506,29.372512354498358,29.69586788446444,343022000
2021-12-27,30.883502960205078,31.025220962783237,29.58109607103307,29.60105678205719,403686000
2021-12-28,30.261737823486328,31.26773392112932,29.952352554451778,31.24977004502104,420591000
2021-12-29,29.941375732421875,30.48728951276,29.30763749732145,30.212836426014583,343139000
2021-12-30,29.52720069885254,30.39646994729714,29.481292592153306,29.7677209545132,308864000
2021-12-31,29.352548599243164,29.97031979961117,29.272707665423898,29.61502640680273,266530000
2022-01-03,30.061138153076172,30.64996574600368,29.725805474067663,29.75574653768631,391547000
2022-01-04,29.231794357299805,30.407452874103246,28.29266437490383,30.216832454107198,527154000
2022-01-05,27.549137115478516,29.357536037891197,27.478279080838995,28.89146324143612,498064000
2022-01-06,28.12200164794922,28.38148518105102,27.011214536934588,27.585070703215145,454186000
2022-01-07,27.192848205566406,28.36551411614278,27.003225284481758,28.085072447229507,409939000
2022-01-10,27.34554672241211,27.41440984015935,25.593035959641192,26.528174103666952,594681000
2022-01-11,27.761720657348633,28.00922892073781,26.785665432331786,27.268702866777122,404089000
2022-01-12,27.943355560302734,28.538169841179762,27.553131884370423,28.01121930597054,383413000
2022-01-13,26.522184371948242,28.42339706817921,26.445335836793394,28.322597967784002,540171000
2022-01-14,26.88845443725586,27.14294871181414,26.157908876529852,26.24773016124949,395832000
2022-01-18,25.851520538330078,26.585060416480562,25.71878543976193,26.20781139067626,424270000
2022-01-19,25.017181396484375,26.490247833386153,25.00221181655367,26.02717118789245,488315000
2022-01-20,24.102005004882812,25.52816592790516,24.030147591877117,25.25371283114106,435181000
2022-01-21,23.327545166015625,24.77366471205507,23.216765715499022,23.46028025235357,718958000
2022-01-24,23.325546264648438,23.333529785410192,20.846484133705683,22.28561749490321,913982000
2022-01-25,22.279634475708008,22.897405710454315,21.9562789612793,22.501193412508638,664616000
2022-01-26,22.726743698120117,24.009189816429384,22.25568159985635,23.19381403507695,755959000
2022-01-27,21.900394439697266,23.947319409112506,21.631927975324956,23.52116787228101,573353000
2022-01-28,22.794607162475586,22.8125710384111,21.253675136018625,21.96825173742082,543774000
2022-01-31,24.43733787536621,24.46029288211656,23.006187716140168,23.135928523427957,564680000
2022-02-01,24.589035034179688,25.095027394146598,23.842520509649365,25.054108511883626,518925000
2022-02-02,25.191831588745117,25.765687622380483,24.50419990907991,25.742734523169712,543419000
2022-02-03,23.900405883789062,25.027161828554508,23.7327404966598,24.409392542148876,410178000
2022-02-04,24.270668029785156,24.586039987928007,23.585033117362396,23.92435754479338,354829000
2022-02-07,24.678857803344727,25.13195412147848,24.153902167281217,24.323564396360993,376868000
2022-02-08,25.058094024658203,25.17985127314895,23.9323358287374,24.31058222214224,410359000
2022-02-09,26.65192985534668,26.671890566783304,25.302617361297145,25.571081886954367,524282000
2022-02-10,25.77267837524414,26.871490147981913,25.549124513702214,25.94333997182691,513200000
2022-02-11,23.90140151977539,26.100024146681793,23.72575262390276,25.864493128365556,605472000
2022-02-14,24.218772888183594,24.825564374214455,23.70778938191042,23.88643449693495,440424000
2022-02-15,26.44234275817871,26.492242623139074,24.734742881710144,24.8994139589256,699869000
2022-02-16,26.458311080932617,26.52917102458829,25.50121738608982,26.20681300824524,732676000
2022-02-17,24.458293914794922,25.73375385180885,24.116974561523147,25.579061218859415,810595000
2022-02-18,23.595016479492188,24.936345412834687,23.054093778189063,24.61897658197623,761255000
2022-02-22,23.34351348876953,24.016173750217902,22.954289194180653,22.98921948197412,633422000
2022-02-23,22.34250831604004,24.106996233636202,22.25668069011676,23.754697128771827,566511000
2022-02-24,23.700807571411133,23.75270428358142,20.8484871383466,20.97323874047372,735801000
2022-02-25,24.108991622924805,24.168871850041366,23.334534721068575,23.67385918065925,528866000
2022-02-28,24.3365421295166,24.61598639619211,23.659889959965014,23.94432345302833,477319000
2022-03-01,23.430343627929688,24.328556587897697,23.086029928980732,24.242727053391707,412056000
2022-03-02,24.17598533630371,24.3646429560286,23.372449827907296,23.71282974706903,389642000
2022-03-03,23.6709041595459,24.281791456450637,23.426348571587415,24.217906685184186,365095000
2022-03-04,22.894319534301758,23.636966955127175,22.441144110309114,23.341505344158694,431415000
2022-03-07,21.31319236755371,22.99113883727511,21.291232991904245,22.775529905926497,450821000
2022-03-08,21.474905014038086,22.332343305523693,20.612474742304823,21.270277613184593,557467000
2022-03-09,22.97217559814453,23.177800600931413,22.206569302526024,22.346314265208143,492742000
2022-03-10,22.616823196411133,22.746586101874037,21.842232493155823,22.49005319391326,428066000
2022-03-11,22.059837341308594,23.10293830541665,22.005934624302842,22.980160740629042,367209000
2022-03-14,21.291236877441406,22.221542360192014,21.1205481082041,21.829256910095523,385354000
2022-03-15,22.931249618530273,22.996132023942444,21.28325099056678,21.47889393725402,491996000
2022-03-16,24.451478958129883,24.552295223701535,23.129885914101745,23.457288892692095,671422000
2022-03-17,24.72099494934082,24.796855148357576,23.86255716757979,24.07616897857947,471941000
2022-03-18,26.404924392700195,26.520714705600792,24.57924978276127,24.753930982548006,730719000
2022-03-21,26.685415267944336,27.102656804840144,25.919808947289926,26.45882851334558,591727000
2022-03-22,26.475799560546875,27.18850274822909,26.024621290380676,26.678429776405682,547007000
2022-03-23,25.587417602539062,26.563639075959117,25.528524804569468,26.078522194510693,502120000
2022-03-24,28.098838806152344,28.268529918250007,25.85991528381523,26.118445344770176,877379000
2022-03-25,27.641674041748047,28.306464068102645,27.221439608204165,27.835321724179195,579016000
2022-03-28,28.16771697998047,28.198660780217054,27.15655743522871,27.705559052925192,425494000
2022-03-29,28.603919982910156,28.89339193940493,27.929147968750208,28.642848661602688,488984000
2022-03-30,27.639677047729492,28.44421198896582,27.45301662520504,28.252561491091658,463487000
2022-03-31,27.236412048339844,28.19666368490603,27.220442282936776,27.731510949600096,523440000
2022-04-01,26.6634521484375,27.44602766304198,26.219261218650903,27.325247285194962,517235000
2022-04-04,27.31027603149414,27.507916136883054,26.564633902248794,26.679424670623536,397120000
2022-04-05,25.883878707885742,27.269356962615973,25.773080352887778,27.204474545611784,436615000
2022-04-06,24.362642288208008,25.25401899900753,23.959377188284968,24.888684944472697,703833000
2022-04-07,24.16400909423828,24.677074985912075,23.435336116546427,24.396585485641776,557992000
2022-04-08,23.076984405517578,23.879524117334512,23.02008878589578,23.873534503516744,524781000
2022-04-11,21.877174377441406,22.279441963206462,21.620641403296375,22.17363558134234,575207000
2022-04-12,21.464914321899414,22.683695718460196,21.24331770434291,22.496037698956496,662258000
2022-04-13,22.162649154663086,22.459110293944573,21.416009317470518,21.68851390489682,516943000
2022-04-14,21.2193660736084,22.735606515539892,21.124539407798157,22.464099572114247,569097000
2022-04-18,21.7434139251709,22.047858038582817,21.040692857198728,21.161473248993577,525701000
2022-04-19,22.15765953063965,22.332340741600348,21.27526524698662,21.680527560297847,512781000
2022-04-20,21.44295883178711,22.62879947914328,21.161471751554885,22.47607766412993,468974000
2022-04-21,20.14632225036621,22.351307496780294,19.963654250425616,21.66954814057906,656209000
2022-04-22,19.479534149169922,20.448770189585975,19.46456201839812,20.26610219786414,624713000
2022-04-25,19.86583137512207,19.90875249765362,19.061296409060496,19.167102763902953,641566000
2022-04-26,18.75385284423828,19.75203534038587,18.636067279230755,19.68216287027666,653143000
2022-04-27,18.38153839111328,19.132170809703098,18.256765532864236,18.56420451525645,499460000
2022-04-28,19.746049880981445,20.000587537213033,18.45639800746317,18.932530442416695,570327000
2022-04-29,18.513296127319336,20.091422411814133,18.48334995977803,19.36674191148043,500435000
2022-05-02,19.49750328063965,19.538427232283176,18.35757845927692,18.507305480868084,572049000
2022-05-03,19.566373825073242,19.788970013363656,19.098226341517233,19.364741283038427,475751000
2022-05-04,20.297048568725586,20.362928617902014,18.716925022967168,19.886796140998648,648855000
2022-05-05,18.809751510620117,19.888786204081587,18.46637685642343,19.83089295751336,626331000
2022-05-06,18.641063690185547,19.476542616826766,17.957308981000086,18.701953665624362,633297000
2022-05-09,16.91919708251953,18.221823872571708,16.796419517005482,18.001226735376935,644455000
2022-05-10,17.563020706176758,18.16492540380209,16.994056975947228,17.656849725721745,761474000
2022-05-11,16.599773406982422,17.720733401801667,16.537887724428106,17.315471187551733,670167000
2022-05-12,16.145605087280273,16.75749197618236,15.538711130202692,16.189525752393525,708728000
2022-05-13,17.6738224029541,17.895419085973305,16.56284608468857,16.757491408122753,670437000
2022-05-16,17.232629776000977,17.755677790770932,17.07491783505779,17.477185427776067,521446000
2022-05-17,18.14396858215332,18.337616286711448,17.601956059390577,18.041155115290533,585830000
2022-05-18,16.9072208404541,18.08507690816682,16.833355903559767,17.672827284467367,545161000
2022-05-19,17.09288215637207,17.65485877694169,16.70358958474404,16.906221705811088,621310000
2022-05-20,16.663660049438477,17.378358372785904,15.726366487747862,17.30050101581057,739105000
2022-05-23,16.86728858947754,16.88425788996982,16.149595509541346,16.244422161579827,639889000
2022-05-24,16.12464141845703,16.56683711237005,15.751321521154898,16.47999533080433,588550000
2022-05-25,16.944150924682617,17.079903445712347,15.97092245670094,15.990886566703573,781132000
2022-05-26,17.818557739257812,18.059118973315748,15.992881259502376,16.00685575522456,996575000
2022-05-27,18.776817321777344,18.846689812592366,18.067108915002834,18.152953076810967,738379000
2022-05-31,18.6380672454834,19.165107560608973,18.316651930915967,18.945506160051778,664100000
2022-06-01,18.286706924438477,19.018374652138892,18.089066793747712,18.68997397259425,544514000
2022-06-02,19.556394577026367,19.583345936482782,18.164928787379736,18.258757824402238,648656000
2022-06-03,18.68597984313965,19.296869084599603,18.488339710165604,19.047323404464223,598779000
2022-06-06,18.751855850219727,19.30185500483549,18.530259212120434,19.104214914413042,422406000
2022-06-07,18.891605377197266,18.965470299087695,18.154945715304475,18.43842998315099,388914000
2022-06-08,18.618045806884766,19.14919082607967,18.50522645422863,18.768802321218942,363252000
2022-06-09,18.019012451171875,18.90259123258257,18.012023724724873,18.451317549760248,395574000
2022-06-10,16.94673728942871,17.668575580223607,16.841904493178646,17.571731259755435,465248000
2022-06-13,15.621866226196289,16.28579798543527,15.580931719685918,15.974298882999761,604153000
2022-06-14,15.810562133789062,16.040192214090787,15.387242491326816,15.705730306415653,469680000
2022-06-15,16.500450134277344,16.84090192856141,15.900414844094753,16.069143021465198,563936000
2022-06-16,15.57593822479248,15.916390994919492,15.376259697287871,15.834521989321626,545749000
2022-06-17,15.8544921875,15.969307235334867,15.303378815321718,15.622864496998716,630334000
2022-06-21,16.539392471313477,16.980681988476544,16.380647453384604,16.4485390272336,483089000
2022-06-22,16.333717346191406,16.635232211852653,16.154006221663142,16.19993184780488,437135000
2022-06-23,16.19893455505371,16.55835491207933,15.827531488223839,16.49246095779145,463680000
2022-06-24,17.098487854003906,17.112465303147033,16.28379871027583,16.473494023135874,472153000
2022-06-27,16.841907501220703,17.302167566990544,16.59929773403613,17.28419682577046,427968000
2022-06-28,15.956328392028809,17.17436801500843,15.91938717022095,16.87285307326158,461149000
2022-06-29,15.517033576965332,15.794586883557068,15.145631406490011,15.788596955968533,482352000
2022-06-30,15.134650230407715,15.541994845285537,14.838127375234018,15.336325419135894,686070000
2022-07-01,14.49967098236084,15.038803524181898,14.368881846227062,14.875067404670956,577610000
2022-07-05,14.939964294433594,14.946953020435268,14.032424903135746,14.1522320426541,651397000
2022-07-06,15.105698585510254,15.294395146665014,14.765245737410277,14.985891441568391,529066000
2022-07-07,15.832525253295898,15.919385388443493,15.36427879961872,15.431171558205026,492903000
2022-07-08,15.81256103515625,16.011241756015696,15.364281868500495,15.405216379233813,467972000
2022-07-11,15.127660751342773,15.502058363657559,15.013843557279245,15.501059566316355,437321000
2022-07-12,15.057774543762207,15.40621394491729,14.853103898095975,15.243475654572288,458483000
2022-07-13,15.139642715454102,15.350304243121299,14.4417660630257,14.56656528451449,521918000
2022-07-14,15.347309112548828,15.44814671796971,14.704343457142825,15.083733212382363,456235000
2022-07-15,15.736679077148438,15.756646452854604,15.420187936175017,15.633844854727334,385935000
2022-07-18,16.075136184692383,16.8698570674019,15.976296187145689,16.275813524039364,670517000
2022-07-19,16.964706420898438,17.08251690860308,16.146023887163786,16.459518688005346,702366000
2022-07-20,17.77839469909668,17.904193653189743,16.774012086751018,16.919777466324557,760538000
2022-07-21,18.021005630493164,18.11485450174296,17.516817646879083,17.856271659241287,557049000
2022-07-22,17.291179656982422,17.93813754600972,17.109470902798687,17.86425701094861,536671000
2022-07-25,16.996654510498047,17.096494261320483,16.622256873127547,16.991661475600253,480748000
2022-07-26,16.506446838378906,16.891826553239582,16.451534870706404,16.861874051522257,397865000
2022-07-27,17.76142120361328,17.907186562588475,16.88582930041582,17.004637608445794,569776000
2022-07-28,17.95511245727539,18.11086201941648,17.41198753684129,17.946128040860202,474646000
2022-07-29,18.133825302124023,18.214694569102246,17.663581188162542,17.784387118127725,435460000
2022-08-01,18.411380767822266,18.81573095811725,17.961104933200836,18.152795986600218,476469000
2022-08-02,18.496240615844727,18.907579472181585,18.062937738115096,18.09289023442921,489527000
2022-08-03,18.862651824951172,18.937532114170036,18.10786566973609,18.154791057227346,418146000
2022-08-04,19.18413734436035,19.243042594792605,18.72986823383553,18.818725984317854,409652000
2022-08-05,18.958494186401367,19.198108394032136,18.63601313679251,18.779780899657194,386068000
2022-08-08,17.764413833618164,18.209698361202463,17.214300355633416,17.473882879818,981859000
2022-08-09,17.058551788330078,17.418971902884152,16.697133828709614,17.224285475006486,668263000
2022-08-10,18.067928314208984,18.088894487490233,17.289180654581262,17.66956911758063,597422000
2022-08-11,17.913177490234375,18.67694989267418,17.84728352756443,18.101874963139256,509327000
2022-08-12,18.678945541381836,18.68793186075144,17.92415946001401,18.130827666952836,478094000
2022-08-15,19.001428604125977,19.13321654286925,18.583102920928454,18.67096091199568,457666000
2022-08-16,18.848674774169922,19.11125281035759,18.471281688551823,18.88960928236418,451240000
2022-08-17,18.30554962158203,18.657983276915708,18.115856168463772,18.49324928823037,446799000
2022-08-18,18.742847442626953,18.83469872730568,18.153794950823045,18.271605449183827,415447000
2022-08-19,17.82032585144043,18.490247392890844,17.741452295596194,18.37643021818228,441588000
2022-08-22,17.006637573242188,17.529796005514974,16.93874601388548,17.46190444615827,409593000
2022-08-23,17.15340232849121,17.436946542201706,16.94274081093071,16.961711297149357,369986000
2022-08-24,17.1943359375,17.37804038834426,16.867861541977685,16.98467227619529,522661000
2022-08-25,17.88422966003418,17.91817544800935,16.805964346953886,16.816946359702275,770691000
2022-08-26,16.233884811401367,17.895211795555795,16.21092103601704,17.828319968876528,769127000
2022-08-29,15.775619506835938,16.311756661031318,15.741674674911415,15.994268556184212,496132000
2022-08-30,15.443156242370605,16.013238268713422,15.157615354356478,15.934365635672885,530181000
2022-08-31,15.069754600524902,15.515038296538872,14.934971220455097,15.359288739854978,573710000
2022-09-01,13.914610862731934,14.356899035319362,13.248682562904268,14.186173262289337,1178865000
2022-09-02,13.625080108642578,14.148237660215658,13.569169349058186,14.07735255557611,743157000
2022-09-06,13.443368911743164,13.75686460680835,13.329551730436686,13.708941382649355,535751000
2022-09-07,13.696040153503418,13.819878314045399,13.328522048866603,13.545237877389667,512657000
2022-09-08,13.971677780151367,13.989654808399921,13.351491735146373,13.44137306668779,624873000
2022-09-09,14.368160247802734,14.455046214271212,14.1075023483973,14.138460938492864,486612000
2022-09-12,14.486003875732422,14.527948688246315,14.179405773307693,14.350182305946856,484159000
2022-09-13,13.11380386352539,13.903768375139373,13.081846180575903,13.783925635440648,714956000
2022-09-14,13.110807418823242,13.272594961389391,12.896088837173366,13.23664185667735,588507000
2022-09-15,12.912068367004395,13.21567015624059,12.77325045930142,12.997956185221906,523625000
2022-09-16,13.180716514587402,13.19469811993345,12.600477035450059,12.72531334171146,670751000
2022-09-19,13.364474296569824,13.445368542937578,12.99296174366855,12.994958979609367,569685000
2022-09-20,13.158743858337402,13.46534195963584,13.039900223317943,13.19769329297533,524818000
2022-09-21,13.243632316589355,14.012624337752102,13.092830051959995,13.195695797303914,807679000
2022-09-22,12.544550895690918,13.1317811906846,12.411725641921524,13.052884170953144,759162000
2022-09-23,12.499608993530273,12.594484849369591,12.240948352013458,12.403734995875771,663309000
2022-09-26,12.211986541748047,12.642422835414386,12.198004936367159,12.47464261841831,547343000
2022-09-27,12.396742820739746,12.719319742448128,12.241946090666989,12.490619571943231,553854000
2022-09-28,12.719321250915527,12.806207210789621,12.337821540927935,12.393747960630728,542414000
2022-09-29,12.203997611999512,12.48363067238174,11.930356260034026,12.43169872306821,532763000
2022-09-30,12.123102188110352,12.616455658995795,12.05918587570381,12.07117024380662,565638000
2022-10-03,12.495614051818848,12.661397019747188,12.089146528346182,12.330830178093539,547478000
2022-10-04,13.149754524230957,13.202685557771737,12.862131621505267,12.862131621505267,584182000
2022-10-05,13.191701889038086,13.303555685075708,12.604472555223252,12.894092749837501,507131000
2022-10-06,13.112805366516113,13.638116551801618,13.085840298412162,13.20268765696208,644157000
2022-10-07,12.06018352508545,12.65340538919283,12.006254351296162,12.488621538051891,672478000
2022-10-10,11.654715538024902,12.108120441007816,11.393058603226073,12.021234494107956,698699000
2022-10-11,11.570825576782227,11.83048431565809,11.268221984145713,11.54585774929641,667482000
2022-10-12,11.484940528869629,11.719632448977713,11.330143771029212,11.563837549253588,492590000
2022-10-13,11.944337844848633,12.062183348670452,10.798839583929336,10.956632667736919,850103000
2022-10-14,11.212296485900879,12.095138555665246,11.18932684468692,12.041209377307327,713432000
2022-10-17,11.872430801391602,11.932352643403792,11.501917332402892,11.502915474188297,580774000
2022-10-18,11.95132827758789,12.475640367724393,11.602785343462813,12.327834421594872,659362000
2022-10-19,12.035216331481934,12.33382546739314,11.81850053084603,11.86344167010799,523131000
2022-10-20,12.178030967712402,12.752277756580911,12.089146821227374,12.09713671776913,652398000
2022-10-21,12.449671745300293,12.481630372955836,11.87143059449203,12.082153718025369,609494000
2022-10-24,12.582499504089355,12.693354192196825,12.048200327410264,12.49161907984014,517457000
2022-10-25,13.243632316589355,13.28258175046069,12.647414059994293,12.677375456026189,505482000
2022-10-26,12.879109382629395,13.370464612662587,12.691355889781176,12.852145271597061,532953000
2022-10-27,13.158743858337402,13.819877533588544,13.104814677814026,13.61214975532052,583113000
2022-10-28,13.815882682800293,13.831862475965329,13.043895236732384,13.086839145065817,521040000
2022-10-31,13.47932243347168,13.819876374747915,13.279584568203138,13.75995453895472,486341000
2022-11-01,13.525263786315918,13.90676347391886,13.50129505001384,13.792912452696658,432817000
2022-11-02,13.201687812805176,14.191390140892414,13.1936988689507,13.83186195195651,672628000
2022-11-03,13.403423309326172,13.762952460821824,12.93903307601992,13.025919033651268,500065000
2022-11-04,14.137458801269531,14.210363141147976,13.679059406520276,13.967681388758725,612576000
2022-11-07,14.282271385192871,14.393126083132001,13.93572663883021,14.209367030009965,410061000
2022-11-08,14.582878112792969,14.87149920944687,14.197382968646812,14.781616917016805,595292000
2022-11-09,13.75795841217041,14.192389137520287,13.740980477958338,14.143452570833958,454414000
2022-11-10,15.729372024536133,15.752341664941923,14.527947540373134,14.78061644211266,700819000
2022-11-11,16.305622100830078,16.367541196163586,15.461729177310234,15.78630345192753,655487000
2022-11-14,16.27366065979004,16.51834065367654,15.901148984019148,16.1967618318074,527852000
2022-11-15,16.64417266845703,16.975736669946382,16.360544231088024,16.70009908063956,545876000
2022-11-16,15.889165878295898,16.340573654033275,15.852214626544084,16.14083669473539,649547000
2022-11-17,15.656469345092773,16.244698687867267,15.514655111106975,15.694419686718572,710894000
2022-11-18,15.388819694519043,15.981043471785322,15.10019767858643,15.945089416031916,492072000
2022-11-21,15.296939849853516,15.456730146887825,15.060249781863105,15.127162421148238,404739000
2022-11-22,16.016998291015625,16.036972558111696,15.102197430405885,15.30792800033822,472866000
2022-11-23,16.497364044189453,16.50535489230616,16.026982150723164,16.07691590341239,427241000
2022-11-25,16.248689651489258,16.46540447528635,16.150818440742185,16.2966271152818,167934000
2022-11-28,15.806272506713867,16.33557910048079,15.704406802903588,16.005011300506297,303741000
2022-11-29,15.618517875671387,15.911134360808981,15.499674245542238,15.806271381799128,298384000
2022-11-30,16.905162811279297,16.91215540251176,15.58056025532418,15.680454279692341,565298000
2022-12-01,17.1169376373291,17.24679976152075,16.617464704481463,16.98108131969133,470977000
2022-12-02,16.85820770263672,16.915148722341915,16.42766233403227,16.64143742283547,371389000
2022-12-05,16.592491149902344,16.977085530136808,16.454636135070988,16.66141865731802,352255000
2022-12-06,15.970146179199219,16.555527878400294,15.802323072084963,16.51257394277568,352694000
2022-12-07,16.103008270263672,16.168938682471737,15.6504847696813,15.75537458146814,372388000
2022-12-08,17.150901794433594,17.16089148149892,15.942176334261013,16.255846411030678,515456000
2022-12-09,16.983078002929688,17.564465224613613,16.957106340396344,17.141910790847255,465338000
2022-12-12,17.516515731811523,17.5195128285567,16.779294713991607,17.01904149488724,457328000
2022-12-13,18.052949905395508,18.770193437295646,17.692330392550996,18.511465684750743,656589000
2022-12-14,17.655372619628906,18.232764469083662,17.40164060757752,17.968042465025786,496888000
2022-12-15,16.93412971496582,17.30174181827522,16.682396458224076,17.127925453761733,478542000
2022-12-16,16.553531646728516,17.023037438901543,16.392702058076296,16.846223968965074,478232000
2022-12-19,16.236867904663086,16.591493275422224,16.127983538157395,16.55453352352838,354039000
2022-12-20,16.068042755126953,16.292805947862565,15.83528952764598,16.047064984160826,403260000
2022-12-21,16.483604431152344,16.609472961104036,16.0850248812042,16.097013267551,325025000
2022-12-22,15.322830200195312,16.120988676666293,14.866312166020125,16.077034434147475,565045000
2022-12-23,15.189971923828125,15.322831151410716,14.867312438743172,15.17998223602925,349326000
2022-12-27,14.106115341186523,15.08408346858157,14.041183324202558,15.058110852321793,464902000
2022-12-28,14.021203994750977,14.24696558584254,13.869363801000764,13.912318692934731,351066000
2022-12-29,14.587606430053711,14.667522024551847,14.212003326446284,14.386819046661842,354923000
2022-12-30,14.598594665527344,14.613578243254633,14.217995786415349,14.318889147477543,310490000
2023-01-03,14.299908638000488,14.98019143326443,14.081139646053048,14.83534383569061,401277000
2023-01-04,14.733452796936035,14.837343262850888,14.225988854764774,14.551645434254098,431324000
2023-01-05,14.249963760375977,14.548648374304229,14.133086509590795,14.475725368544696,389168000
2023-01-06,14.84333610534668,14.994176946626181,14.019205996590792,14.45874173703761,405044000
2023-01-09,15.611526489257812,16.03907482336761,15.125039380250245,15.267889243337127,504231000
2023-01-10,15.892231941223145,15.945175574984253,15.455692274992794,15.490655231753736,384101000
2023-01-11,15.984131813049316,16.011103777484436,15.546593810156406,15.823302234215715,353285000
2023-01-12,16.493593215942383,16.619459833672344,15.475667427433098,16.083027207439695,551409000
2023-01-13,16.881189346313477,16.90416582170696,16.147963697731562,16.260843564073028,447287000
2023-01-17,17.683340072631836,17.709313641691512,16.881187014032182,16.881187014032182,511102000
2023-01-18,17.358678817749023,17.854154228719178,17.26377776459073,17.648372056291954,439624000
2023-01-19,16.74732780456543,17.17887355641003,16.713365152180454,17.018042058487556,452932000
2023-01-20,17.82019805908203,17.837180338916934,16.80726689515637,16.99306976542005,564967000
2023-01-23,19.172771453857422,19.224716691811057,17.799220697894288,18.04495979923427,655163000
2023-01-24,19.244693756103516,19.474452780290186,18.80016309844602,18.807155689842816,496204000
2023-01-25,19.302631378173828,19.349582719059857,18.560414551747876,18.893063715882672,449537000
2023-01-26,19.781124114990234,20.14474069411191,19.257676365647274,19.680230760238217,489535000
2023-01-27,20.343530654907227,20.606253883767415,19.384543617188243,19.441482734234384,542142000
2023-01-30,19.141799926757812,20.11876764644554,19.129811540746857,19.928969317759073,488611000
2023-01-31,19.516407012939453,19.66624851924581,18.930025867048208,19.14979328260832,498017000
2023-02-01,20.92092514038086,21.169661317208572,19.59032844677635,19.670244043953495,660477000
2023-02-02,21.686115264892578,21.925862042165335,20.67818002215878,20.97786301741522,564276000
2023-02-03,21.077760696411133,21.722081314990728,20.76708767150065,20.977865716692563,429366000
2023-02-06,21.066770553588867,21.54726252016348,20.764088546903054,20.78406792196353,452197000
2023-02-07,22.149627685546875,22.235537474634327,21.12770531761483,21.3594611160502,664150000
2023-02-08,22.181594848632812,22.85388581150765,21.984801992541126,22.363402219773526,559651000
2023-02-09,22.313451766967773,22.99573229825379,22.09668147789324,22.58216918763524,523876000
2023-02-10,21.242582321166992,22.05472500108008,20.789062350237074,21.667135439240298,550737000
2023-02-13,21.765031814575195,22.024757958584203,20.93990234696834,21.515295357490146,474919000
2023-02-14,22.946786880493164,23.02470377641566,21.343477267064582,21.555253690620347,675474000
2023-02-15,22.740001678466797,22.830905348150583,22.082696315415404,22.525228183306545,420575000
2023-02-16,21.978805541992188,22.526226251527607,21.903883847439104,22.109666050196253,412026000
2023-02-17,21.36545181274414,21.717079994148627,20.952887118556177,21.60819565620736,465888000
2023-02-21,20.633228302001953,21.471342710023446,20.59626664817325,20.97786395244178,410015000
2023-02-22,20.732120513916016,21.08175191942392,20.399471384893207,20.6851710833237,513184000
2023-02-23,23.639055252075195,23.862820062689913,23.0007288852004,23.415292346798566,1117995000
2023-02-24,23.26145362854004,23.449257089535415,22.922812171124363,23.200519010604086,589716000
2023-02-27,23.47622299194336,23.854823133033605,23.429273564014498,23.64504544483232,452994000
2023-02-28,23.1915283203125,23.799887550278743,23.18153863236945,23.347364022615437,455963000
2023-03-01,22.674072265625,23.23148459935281,22.484272025585433,23.167550984389926,460026000
2023-03-02,23.2894229888916,23.355353400499368,22.40835276964801,22.464295399339527,389415000
2023-03-03,23.86481475830078,23.874804445027564,23.105615715106577,23.29541595223961,412393000
2023-03-06,23.529172897338867,24.22243969976959,23.462242179784383,23.865817563448918,437429000
2023-03-07,23.267404556274414,24.103664219579663,23.22044523812733,23.579128902669357,515154000
2023-03-08,24.15961265563965,24.178596857110083,23.403282221510484,23.46622622618509,513573000
2023-03-09,23.415271759033203,24.432370990770355,23.36231723479036,24.153616530475606,501257000
2023-03-10,22.944690704345703,23.60610591009381,22.70590174749073,23.388298290096692,474866000
2023-03-13,22.945688247680664,23.277395355394315,22.2772811984554,22.73187871576052,421890000
2023-03-14,24.041715621948242,24.197577774691457,23.439248344671885,23.475217706481274,474910000
2023-03-15,24.20656967163086,24.26451702592668,23.339337433810194,23.73998179778675,524486000
2023-03-16,25.518407821655273,25.565365225905747,23.872863426440126,24.005747106314715,583253000
2023-03-17,25.702251434326172,26.375655194064148,25.645300727249257,25.95902413544572,848547000
2023-03-20,25.87708854675293,26.000979405508424,25.107769229375986,25.592340809458843,432747000
2023-03-21,26.17582893371582,26.36865903671038,25.358553488198883,26.156846636843376,547408000
2023-03-22,26.444589614868164,27.564598386349715,26.21379303359335,26.401626474238157,797295000
2023-03-23,27.16695213317871,27.474680300568725,26.666395768826245,27.091019134511235,564889000
2023-03-24,26.75531578063965,27.14297311837725,26.331690982855743,27.007093717949058,454920000
2023-03-27,26.50753402709961,26.97611906928059,26.34168048471256,26.81326313262677,361026000
2023-03-28,26.386642456054688,26.4895520016458,25.8271382618564,26.42361038825946,356104000
2023-03-29,26.960134506225586,27.054051235079495,26.573477639400732,26.80127663568218,393694000
2023-03-30,27.358781814575195,27.47468035198424,27.07803019459777,27.204918683423134,364516000
2023-03-31,27.75243377685547,27.809382571922825,27.081027225666862,27.115996118368173,433933000
2023-04-03,27.94026756286621,27.97523645598325,27.311824147854885,27.484671479925822,398716000
2023-04-04,27.42871856689453,27.975235662091706,27.28284778669967,27.941265336695817,368592000
2023-04-05,26.857223510742188,26.97411869458037,26.371653330557585,26.80526946048249,515015000
2023-04-06,27.01308250427246,27.056043732756507,26.40362152801034,26.56048222709689,397654000
2023-04-10,27.554607391357422,27.59657006024275,26.645412420852104,26.7992755400983,395279000
2023-04-11,27.144968032836914,27.76541901115848,27.1020048950003,27.699477407319026,314378000
2023-04-12,26.471567153930664,27.443706150535657,26.42460783917617,27.345793254176353,446259000
2023-04-13,26.439594268798828,26.863219050562652,26.305713912619126,26.710354492654048,353615000
2023-04-14,26.734333038330078,26.859222480822282,26.196808771126577,26.48055798084649,395660000
2023-04-17,26.978116989135742,26.98211316139373,26.409620037298097,26.541503250119483,321471000
2023-04-18,27.642528533935547,28.08513749604695,27.332803260522113,27.508648184223265,604812000
2023-04-19,27.906293869018555,27.97523308017652,27.207912752047683,27.336798357649375,358660000
2023-04-20,27.080026626586914,28.00520817494305,26.976118523026464,27.64652455149464,427713000
2023-04-21,27.095012664794922,27.15895713906588,26.698364452495547,26.928160559616323,345103000
2023-04-24,27.018081665039062,27.341794498427166,26.647409518060194,26.989107985798988,339282000
2023-04-25,26.217792510986328,27.222903354703707,26.201807819523317,27.05405218790828,378527000
2023-04-26,26.93215560913086,27.305825338536614,26.6813781784844,26.978116353168147,406337000
2023-04-27,27.201919555664062,27.47068264242289,26.601451283130864,27.338799421481617,377161000
2023-04-28,27.724456787109375,27.733447698531908,27.047055069952613,27.200920093090993,292216000
2023-05-01,28.884431838989258,29.032301664294753,27.755432049658587,27.815378452063833,570329000
2023-05-02,28.185049057006836,28.810496754933304,28.058162478439368,28.654634590232256,402730000
2023-05-03,27.77741050720215,28.341911325325526,27.44770245263645,27.815377004737694,383387000
2023-05-04,27.537622451782227,27.834358742105735,27.21590674873428,27.626542529378735,321850000
2023-05-05,28.654630661010742,28.72956317440286,27.706470718340587,27.801385997568506,361494000
2023-05-08,29.12521743774414,29.19415665691401,28.324927166645555,28.49677402553214,344979000
2023-05-09,28.54572868347168,28.94737354959499,28.42483732148799,28.873439595641816,314869000
2023-05-10,28.859453201293945,29.087252189450044,28.435828416964906,28.97934600141485,369350000
2023-05-11,28.55272102355957,28.92439362497088,28.221015861335896,28.87044053584294,322149000
2023-05-12,28.314931869506836,28.754543198981384,28.02119130356018,28.503763865404448,274222000
2023-05-15,28.927391052246094,28.943377647743457,28.127100823911366,28.482784946357548,293926000
2023-05-16,29.187162399291992,29.84358282076136,28.80650075563799,28.81549166758805,449405000
2023-05-17,30.15130615234375,30.172287485743233,29.403968588740156,29.557831700336376,432535000
2023-05-18,31.649982452392578,31.799849406424173,30.29318370956392,30.383104263115214,748725000
2023-05-19,31.236347198486328,31.552067683944458,30.888655428377344,31.508105976511025,473908000
2023-05-22,31.148426055908203,31.49212165768894,30.652864468171376,30.87366776329227,372000000
2023-05-23,30.660858154296875,31.260327873842513,30.603909359902882,30.972582484687077,356253000
2023-05-24,30.5109920501709,30.57993126993221,29.779639086305995,30.183281114614353,721419000
2023-05-25,37.946407318115234,39.44508061098546,36.60259571255149,38.488926318360186,1543911000
2023-05-26,38.91155242919922,39.13535333136667,37.51678724611189,37.856486677468894,714397000
2023-05-30,40.075523376464844,41.90090712766281,39.91366790954096,40.559096455146374,923401000
2023-05-31,37.800533294677734,40.25935493570893,37.78854287268503,39.453069566174214,1002580000
2023-06-01,39.734825134277344,40.01457626339759,38.306089619716126,38.45495609590561,635873000
2023-06-02,39.29221725463867,40.46418014077918,39.0234541630698,40.061536692451796,482731000
2023-06-05,39.136356353759766,39.53000507242546,38.6727660406919,38.87458704490847,396094000
2023-06-06,38.619808197021484,39.125361136510946,38.11425525753202,38.79565501764921,388729000
2023-06-07,37.44572448730469,39.46814549212033,37.32681796379226,38.88460205575025,511998000
2023-06-08,38.479923248291016,38.83364687712899,37.47571086548645,37.694537790431326,417772000
2023-06-09,38.73971176147461,39.67997469301632,38.536871237623615,39.006501462599836,427717000
2023-06-12,39.45115661621094,39.49911945587758,38.58783312564601,39.16937922135142,388701000
2023-06-13,40.989959716796875,41.06890039349555,39.70896332197463,40.154614126267326,613208000
2023-06-14,42.963417053222656,42.966413063285984,40.52032331528582,40.79211402973289,740465000
2023-06-15,42.619686126708984,43.2551909701653,42.11408081517457,42.56872727104233,568622000
2023-06-16,42.65864944458008,43.68684489706271,42.627671619358104,43.41605669949975,655709000
2023-06-20,43.77378845214844,43.955649344990384,42.640675134967545,42.9644234306128,451153000
2023-06-21,43.01137924194336,43.58093756834967,42.04713658375585,43.46702437838124,551603000
2023-06-22,42.99139404296875,43.392077979853475,42.201011539171446,42.21999389255843,417737000
2023-06-23,42.176025390625,42.77555513779792,41.982176702107104,42.43082724844622,358140000
2023-06-26,40.60026550292969,42.730600334546075,40.06867951218722,42.42783558135576,594322000
2023-06-27,41.84328842163086,41.907237605323324,40.416406298926006,40.76713004512084,462175000
2023-06-28,41.08488845825195,41.81232053515092,40.48635724932419,40.62824464055819,582639000
2023-06-29,40.79011535644531,41.567507592478876,40.568288623316235,41.5255405787365,380514000
2023-06-30,42.26895523071289,42.51676261089797,41.468582218513255,41.647443251980995,501148000
2023-07-03,42.37986755371094,42.86448930889797,42.169033838728204,42.483786406248804,198209000
2023-07-05,42.28395462036133,43.143279816552536,42.0521335401683,42.10209373119875,323618000
2023-07-06,42.07012176513672,42.14606262903311,41.31371294848301,41.811325150457925,303582000
2023-07-07,42.46979904174805,43.18024602401447,42.14705329030634,42.288940665727566,355881000
2023-07-10,42.147056579589844,42.77756426984942,41.616469261927726,42.623685218893456,353908000
2023-07-11,42.37187957763672,42.72460451753315,42.03414612426581,42.44782043348418,298244000
2023-07-12,43.86770248413086,43.90067764855856,42.74358137770357,42.99938189898188,481277000
2023-07-13,45.941097259521484,46.11895584841678,44.45725630198698,44.48323697410953,478204000
2023-07-14,45.43348693847656,48.05044077711324,45.024806002911156,46.54661523204283,772075000
2023-07-17,46.424705505371094,46.45967801263674,45.22664460524396,46.252842790646994,510488000
2023-07-18,47.45690155029297,47.85858797189123,45.69827797708258,46.66452170058574,569164000
2023-07-19,47.04022216796875,47.78064441217516,46.70548479149979,47.426920872593946,427502000
2023-07-20,45.48444366455078,47.05022098399054,45.02680123666584,46.470672206647684,537865000
2023-07-21,44.27439498901367,45.83018206850467,44.0655585735208,45.75224005521712,963769000
2023-07-24,44.5771484375,45.07376182575431,44.005596688922395,44.69605495582579,382516000
2023-07-25,45.64332580566406,46.14692998888213,44.88791571911896,44.90590321639875,348081000
2023-07-26,45.41649627685547,46.017028562917005,44.59513975878737,45.985052064508444,364237000
2023-07-27,45.8641471862793,47.35797831429428,45.71426283263286,46.48266314205839,455976000
2023-07-28,46.71348571777344,46.99026979268205,46.344774445154044,46.63154903236518,331194000
2023-07-31,46.6924934387207,47.09318113651824,46.46966808257679,46.71747543236002,251055000
2023-08-01,46.470672607421875,46.86336718401233,45.991048000510794,46.42370843555568,237858000
2023-08-02,44.23442459106445,45.80419670368741,43.353113509905164,45.79520486142881,530142000
2023-08-03,44.48023223876953,45.08276192345427,43.76579051634056,43.76579051634056,324176000
2023-08-04,44.64510726928711,45.60635397871658,44.358332653398875,44.949869383179944,362666000
2023-08-07,45.381526947021484,45.504431975857,44.528193870776704,45.07576619174701,322154000
2023-08-08,44.629112243652344,45.206659855456344,44.02158547433781,44.81796378324031,353843000
2023-08-09,42.520755767822266,44.27738176029839,42.10108190849391,44.23940943500953,586449000
2023-08-10,42.354888916015625,43.539963290251215,41.80231949167609,42.127066378845875,492705000
2023-08-11,40.823089599609375,41.985183246912044,40.607258703595875,41.71838968414298,533085000
2023-08-14,43.71883010864258,43.76579428902089,40.27952055656301,40.4543831306118,690286000
2023-08-15,43.905677795410156,45.23264344321466,43.67585790214367,44.52519626774696,676512000
2023-08-16,43.45203399658203,44.640104468597144,43.37209465339346,44.4852267558164,527451000
2023-08-17,43.31014633178711,44.027584017095954,42.96741192711898,43.93565682241001,452395000
2023-08-18,43.26517868041992,43.543960081000186,41.62745897404412,42.601695871064955,583768000
2023-08-21,46.93031692504883,47.02823995825299,44.1874618900852,44.4592488124891,692573000
2023-08-22,45.632328033447266,48.14936145105243,45.29759061646536,48.09740011660735,755293000
2023-08-23,47.07919692993164,47.163130948235896,45.1726863999926,45.830173355093386,779046000
2023-08-24,47.126155853271484,50.22673252136096,47.12216117350295,50.17677234223293,1156044000
2023-08-25,45.982059478759766,47.76766250313572,44.98883254303396,46.975282602767756,925341000
2023-08-28,46.79841995239258,46.943307161709576,44.85294200358458,46.445695012544455,685192000
2023-08-29,48.74589157104492,49.04266044648469,46.35475936686293,46.62954606851407,701397000
2023-08-30,49.22551727294922,49.88799757012422,48.38717195801793,49.005687906612565,735206000
2023-08-31,49.31645202636719,49.70514814643913,48.9197627338808,49.34143402541549,528570000
2023-09-01,48.47110366821289,49.761095505663796,48.104389789025475,49.723126990372954,463830000
2023-09-05,48.510074615478516,48.81283931445095,47.82261235583893,48.18532774328471,382653000
2023-09-06,47.028114318847656,48.515073458793,46.547451450862816,48.40715103407181,468670000
2023-09-07,46.20869064331055,46.311619313403384,45.120450870903866,45.4931913383561,433330000
2023-09-08,45.540157318115234,46.57343525598355,45.23936893896436,45.909901542782364,473069000
2023-09-11,45.14643478393555,46.130743345970416,44.28103874415618,46.11575443664463,473966000
2023-09-12,44.838645935058594,45.64108624011381,44.49988211053749,44.70673820080512,349256000
2023-09-13,45.453216552734375,45.89790529019353,44.47190049902718,44.56883283924793,398355000
2023-09-14,45.549156188964844,45.95487076893904,45.0994698183301,45.91789786927569,370097000
2023-09-15,43.869319915771484,45.567129987886304,43.777381347712456,45.30931088292171,506831000
2023-09-18,43.935279846191406,44.211087976394666,41.97065391873253,42.71813237686466,500271000
2023-09-19,43.48958969116211,43.93527718281478,42.971950102234956,43.80237069955783,373064000
2023-09-20,42.20948791503906,43.872326816521394,42.193500252380844,43.56953710623469,367108000
2023-09-21,40.98833465576172,42.07057801307491,40.951361762571175,41.55394101252563,450736000
2023-09-22,41.5809326171875,42.08558090069854,41.20219576342476,41.54295715054649,479236000
2023-09-25,42.19248962402344,42.50626933455587,41.148218030436,41.56193013453454,419091000
2023-09-26,41.881717681884766,42.79008299471649,41.62589602088143,41.97165495479975,402282000
2023-09-27,42.43832015991211,42.84204096958368,41.59990959746065,42.3004199239516,444935000
2023-09-28,43.05888748168945,43.41563643301945,42.085569148140415,42.430325448929366,424663000
2023-09-29,43.468597412109375,44.11314705405732,43.27673026651506,43.79636727580715,397830000
2023-10-02,44.750709533691406,45.143432663496135,43.830351660184725,43.99923228856128,433298000
2023-10-03,43.48659133911133,45.09846705093091,43.215780788420936,44.77668963515232,470850000
2023-10-04,44.010223388671875,44.112153297816725,43.26174626009731,43.71143255099348,361821000
2023-10-05,44.656776428222656,44.86863010408986,43.85733614690028,44.019221707908876,393483000
2023-10-06,45.73003005981445,45.75701162359217,43.995242830782374,44.16212597560587,434436000
2023-10-09,45.24136734008789,45.573136109277975,44.33700086795517,44.810668716384285,409675000
2023-10-10,45.765995025634766,46.22667139823051,45.05649211437215,45.27833709467453,368582000
2023-10-11,46.77329635620117,46.82626072787499,46.01782405573412,46.16372195389678,378137000
2023-10-12,46.912193298339844,47.575730741552675,46.297625211200135,46.74431143305413,481325000
2023-10-13,45.42923355102539,47.0830797443062,45.24836026520754,46.92718670300792,474115000
2023-10-16,46.06279373168945,46.19270015345539,44.88061784699003,45.03151331618372,375099000
2023-10-17,43.90729522705078,44.72272688542817,42.45031391518229,43.96925217503642,812333000
2023-10-18,42.1665153503418,43.18880316775222,41.79577619709707,42.561239807706784,627294000
2023-10-19,42.071590423583984,43.266754056698915,41.85274164589192,42.781093510182195,501233000
2023-10-20,41.35807800292969,42.44032133844881,41.0492920242925,41.860724837875836,477266000
2023-10-23,42.944969177246094,43.217781037891605,40.91638888400306,41.20019083203981,478530000
2023-10-24,43.632484436035156,43.66646107168209,42.6611674055464,43.04689542430625,401463000
2023-10-25,41.74980545043945,43.61950024898592,41.525962950621626,43.36767362465919,398379000
2023-10-26,40.297821044921875,42.22647269652664,39.852133556535904,41.8237544285133,541001000
2023-10-27,40.471702575683594,41.177210573030834,39.987040836148445,41.1012634608965,416784000
2023-10-30,41.13224411010742,41.73682099798971,40.45271885502617,41.05829830740535,388028000
2023-10-31,40.751502990722656,40.85043664876845,39.20258684468398,40.42173556666503,517969000
2023-11-01,42.29543685913086,42.35139749930528,40.840452590530504,40.85544150314398,437593000
2023-11-02,43.4755973815918,43.853331578454224,42.864025551225126,43.29772036984495,409172000
2023-11-03,44.97355651855469,45.27734115862164,43.692450744970955,43.989244118396975,424610000
2023-11-06,45.719032287597656,45.90290564428218,44.86762640814462,45.25335828782106,400733000
2023-11-07,45.922889709472656,46.18570260804149,45.12644574728523,45.687054558944546,343165000
2023-11-08,46.54145812988281,46.834252666745705,45.93587876150922,46.067786497149605,346719000
2023-11-09,46.91719055175781,48.19629482563236,46.71732955595706,47.43382754729244,540496000
2023-11-10,48.30122375488281,48.43812905946533,47.24996072733801,47.466808147596865,421245000
2023-11-13,48.586029052734375,49.081684702590096,48.065393157127836,48.28623941950048,384136000
2023-11-14,49.621299743652344,49.799176764113575,49.00573287416369,49.645285046741414,416954000
2023-11-15,48.853843688964844,49.925093307072636,48.16632465148742,49.900113061154364,475497000
2023-11-16,49.44541931152344,49.490389844499255,48.29622530257583,48.64498042005414,339756000
2023-11-17,49.263553619384766,49.68225956451404,48.972756588136555,49.48939362933796,325205000
2023-11-20,50.37377166748047,50.51267446523686,49.14662922458695,49.27753819263548,414120000
2023-11-21,49.90909957885742,50.48169721701578,49.187603987551,50.090971605091276,565747000
2023-11-22,48.68195343017578,50.29982144046333,47.65666949538865,49.817161099137216,899420000
2023-11-24,47.742610931396484,48.88681116276577,47.71163055365719,48.436126147509995,294645000
2023-11-27,48.208290100097656,48.49608705256933,47.6187022270162,47.766597618423056,395662000
2023-11-28,47.78757858276367,48.28923046522846,47.439822215751256,48.20228946745971,401491000
2023-11-29,48.106361389160156,48.727928411184934,47.826558260033494,48.345196613263326,382005000
2023-11-30,46.73731994628906,48.07638377452515,46.3895635380406,47.990441518765145,526247000
2023-12-01,46.732322692871094,47.16702011217605,46.15472745047927,46.4924925258304,369317000
2023-12-04,45.47820281982422,46.04480802783984,44.9785521441802,46.04480802783984,437543000
2023-12-05,46.53755187988281,46.57152769132749,45.24334109197845,45.43822164958941,371718000
2023-12-06,45.47520446777344,47.35805637744802,45.3842604483653,47.18616055304672,380590000
2023-12-07,46.56753158569336,46.600512368918565,45.57613709541874,45.67207911260122,350823000
2023-12-08,47.47697830200195,47.71183534651791,46.52156105756746,46.566535548739374,359224000
2023-12-11,46.59851837158203,47.50196552269277,45.80200812005124,47.46199285274284,509728000
2023-12-12,47.62788772583008,47.63688109924922,46.017871828359986,46.017871828359986,372387000
2023-12-13,48.058624267578125,48.56431567041087,47.5789179572985,47.59990503689136,447792000
2023-12-14,48.32046127319336,48.6402654789673,47.39303060139569,48.36043775200682,391232000
2023-12-15,48.86013412475586,49.37382007835511,48.09060403450958,48.16456014183968,479948000
2023-12-18,50.046409606933594,50.402191134156865,49.11997773498407,49.36982501987744,412587000
2023-12-19,49.57368850708008,49.669630515204666,48.865122122671124,49.39379819493803,464444000
2023-12-20,48.08161163330078,49.96845884341608,48.06861908632006,49.62466720561467,397894000
2023-12-21,48.9600715637207,49.06500695718709,48.389417453965386,48.781180068606574,300425000
2023-12-22,48.8001708984375,49.352830653569725,48.43738988482299,49.16494577989552,252507000
2023-12-26,49.24889373779297,49.56969677808233,48.930088377699356,48.93808291084912,244200000
2023-12-27,49.386817932128906,49.64965779045569,49.05501997219191,49.48076228970736,233648000
2023-12-28,49.49174880981445,49.85352719386826,49.38181539341571,49.6126770927999,246587000
2023-12-29,49.49174880981445,49.96646094313931,48.72121986722186,49.7825714182401,389293000
2024-01-02,48.138572692871094,49.26488309320295,47.565924699352884,49.21391556134482,411254000
2024-01-03,47.53993606567383,48.15455817196312,47.291087653176916,47.4559877548122,320896000
2024-01-04,47.96867752075195,48.47036973426666,47.478975200634494,47.73781584044559,306535000
2024-01-05,49.06700134277344,49.51672715055194,48.27648428603865,48.43239101183954,415039000
2024-01-08,52.22107696533203,52.24306669740862,49.44877334196531,49.48175412771333,642510000
2024-01-09,53.10753631591797,54.291813775257275,51.658421354299875,52.368989354850214,773100000
2024-01-10,54.316795349121094,54.566642620850935,53.45632128428564,53.58324641272958,533796000
2024-01-11,54.78850173950195,55.312183643545765,53.52727561107459,54.965395542446196,596759000
2024-01-12,54.67658233642578,54.93642566391885,54.29681718450093,54.586637155734685,352994000
2024-01-16,56.347557067871094,56.800279452629056,54.86646395445467,54.984391900558016,449580000
2024-01-17,56.01876449584961,56.436508451453484,54.70656674452563,56.31258364108571,474394000
2024-01-18,57.072113037109375,57.5648119047759,56.07272391506558,57.225019450786334,491650000
2024-01-19,59.45466232299805,59.46365569707979,57.190043807244585,57.95357707318065,543501000
2024-01-22,59.617557525634766,60.29414590763177,59.03391464914335,60.01231668308295,452955000
2024-01-23,59.836421966552734,59.87339811111822,58.549206851243994,59.53360568004521,294654000
2024-01-24,61.32451629638672,62.81060746868792,59.90138636580081,60.2671639217423,560271000
2024-01-25,61.57935333251953,62.68068121321326,60.812819855881294,62.311903373896776,482777000
2024-01-26,60.993717193603516,61.74526054571479,60.53600059416135,60.92276141821586,390309000
2024-01-29,62.426841735839844,62.450825336358335,60.869794823781135,61.1945932389414,348733000
2024-01-30,62.73564529418945,63.45420777642383,62.22195939324812,62.86157157548254,410735000
2024-01-31,61.48941421508789,62.230961514394274,60.66291975637589,61.40246556305648,453795000
2024-02-01,62.988502502441406,63.152403792502625,61.61234469457068,62.06206677730192,369146000
2024-02-02,66.11958312988281,66.55930912654547,63.65108714697043,63.93491403332179,476578000
2024-02-05,69.28964233398438,69.45454244217241,67.16394292298222,68.18331639891433,680078000
2024-02-06,68.18132781982422,69.71139089039546,66.25950589737128,69.58746608269533,683111000
2024-02-07,70.05618286132812,70.17711115098072,67.55870869062085,68.27727129750295,495575000
2024-02-08,69.59844970703125,70.75074512715133,69.412566337875,70.03118381151026,414422000
2024-02-09,72.08894348144531,72.14090604638328,70.16911160679686,70.48991468195457,436637000
2024-02-12,72.20386505126953,74.56542046599529,71.2064736279646,72.55564739281085,613710000
2024-02-13,72.08394622802734,73.40513741451034,69.57748237910234,70.35700477469595,602580000
2024-02-14,73.8548583984375,74.19065168292555,71.89405893388704,73.15728673605686,504917000
2024-02-15,72.61360931396484,73.92980608164119,72.35577132172895,73.82387565740021,420122000
2024-02-16,72.56863403320312,74.35654245789623,72.45670295069786,74.05472502125532,495327000
2024-02-20,69.40957641601562,71.91204456852859,67.69262359545532,71.90304738257117,704833000
2024-02-21,67.43077850341797,68.84591377259603,66.20752727493073,67.96444884340175,673755000
2024-02-22,78.49002075195312,78.52699308470093,74.17465795695503,74.97916646287784,865100000
2024-02-23,78.76885986328125,82.34367088132632,77.52261988480991,80.74065432651751,829388000
2024-02-26,79.04369354248047,80.59674521460998,78.45704646976243,79.6513162598183,503973000
2024-02-27,78.65291595458984,79.4314469973946,77.1148623296948,79.3325008302499,391705000
2024-02-28,77.61555480957031,78.88477556464643,77.07788148076835,77.57258181183745,393110000
2024-02-29,79.06367492675781,79.9411369643908,78.30213934805526,79.04568817875618,507289000
2024-03-01,82.22872924804688,82.24972013852617,79.38646508056598,79.95112232187887,479135000
2024-03-04,85.1849136352539,87.64141180521226,83.66784349827213,84.07858783416306,615616000
2024-03-05,85.91551971435547,86.04844794548417,83.36995895717057,85.22191083370436,520639000
2024-03-06,88.64997100830078,89.67339555623481,86.98091470216241,87.97235961581464,582520000
2024-03-07,92.61673736572266,92.7146816709082,89.55146568055456,90.10715187632745,608119000
2024-03-08,87.47863006591797,97.34506345152579,86.45720334881955,95.08433828640496,1142269000
2024-03-11,85.72561645507812,88.74690616090122,84.11852182933525,86.38024574570308,678364000
2024-03-12,91.86116790771484,91.90813847414768,86.10141744907258,87.99934858682109,668075000
2024-03-13,90.83673095703125,91.45238079004136,88.38511175577527,91.00363657004534,635713000
2024-03-14,87.8944091796875,90.59488901605168,86.5511652837494,89.52649157437467,602318000
2024-03-15,87.78746032714844,89.49549613199862,86.20835719890029,86.88097416830968,642086000
2024-03-18,88.40511322021484,92.3528823706334,87.03588315502401,90.33702166642148,668976000
2024-03-19,89.34757232666016,90.49292195267432,84.96204715287253,86.65108862208871,672171000
2024-03-20,90.32102966308594,90.35901024319512,88.17323967680368,89.74634940187569,479063000
2024-03-21,91.3834228515625,92.59574371140432,90.3540050520513,92.2479404308415,480372000
2024-03-22,94.23580932617188,94.72453187599703,90.78275659770236,91.0895826139038,586719000
2024-03-25,94.94841003417969,96.71141493346599,93.45725487677139,93.88801151365493,552136000
2024-03-26,92.50879669189453,96.32064875325118,92.44983185631351,95.79694219210086,513648000
2024-03-27,90.19910430908203,93.1874159899472,89.07274096879794,93.05948982143728,586067000
2024-03-28,90.30504608154297,91.24851395195789,89.1426999482675,89.9492440435148,435212000
2024-04-01,90.3120346069336,92.1729839586744,89.15369169415271,90.24807533872301,452441000
2024-04-02,89.40155792236328,90.04319416490718,87.57059032830745,88.39811868898816,433064000
2024-04-03,88.91382598876953,90.32303448482294,88.35014869042175,88.43410095294554,370067000
2024-04-04,85.85653686523438,90.58287298050408,85.83154944356146,90.35499714995936,434965000
2024-04-05,87.95836639404297,88.4310991932804,85.87753991776991,86.81700456921507,399678000
2024-04-08,87.08385467529297,88.77989605626742,86.68307988880372,88.64996450448324,283220000
2024-04-09,85.30584716796875,87.58556628736338,82.97516956737525,87.39267436773328,501700000
2024-04-10,86.98991394042969,87.35071040768491,83.66179013581636,83.87867062101493,431929000
2024-04-11,90.56488800048828,90.687819723934,86.87697442257391,87.37069146521046,431637000
2024-04-12,88.13626098632812,90.1241452492344,87.48063273280795,89.64840815742117,426805000
2024-04-15,85.9524917602539,90.56188993656951,85.8805337738884,89.0477450616577,443077000
2024-04-16,87.36568450927734,88.06828320485192,86.0154487690154,86.38423626140728,370453000
2024-04-17,83.98760223388672,88.72492641813315,83.90264346955806,88.29016660250515,495400000
2024-04-18,84.62322998046875,86.14137784678024,82.3555128561398,84.92206489691038,447260000
2024-04-19,76.15702056884766,84.27643922651326,75.56336143765269,83.10310538210794,875198000
2024-04-22,79.47313690185547,80.02782409829473,76.35689973345642,78.05993315947777,596341000
2024-04-23,82.37650299072266,82.72230848851257,80.21872426508081,80.7234366574032,438559000
2024-04-24,79.63207244873047,84.03458726895308,79.13834771907712,83.90265792111582,512208000
2024-04-25,82.58539581298828,83.27600032547527,78.17887846781115,78.82351130528671,424641000
2024-04-26,87.6855239868164,88.28118855401848,83.3399763925944,83.7707330936579,551011000
2024-04-29,87.70751953125,87.94238000481042,85.21791921054779,87.54560831747182,388971000
2024-04-30,86.353271484375,88.76890816331654,86.25133163329888,87.19079630766022,363709000
2024-05-01,82.99414825439453,85.9514784070707,81.20915281271795,85.02900264492887,559863000
2024-05-02,85.76859283447266,86.18835408667036,83.15306466582874,84.4013606664833,377898000
2024-05-03,88.73892211914062,89.23064138508623,86.99090805240313,87.73948614559522,398341000
2024-05-06,92.08802795410156,92.16798466023728,89.00476895897276,89.3395790876885,376203000
2024-05-07,90.50292205810547,91.72922732116892,88.96079315014337,91.04661392300342,437342000
2024-05-08,90.36100769042969,91.14256430274753,89.36956281384657,89.43253081814441,325721000
2024-05-09,88.69695281982422,91.02063858717587,88.18124497678554,90.47794554376881,378013000
2024-05-10,89.82730865478516,91.34945233112951,89.17667483195356,90.25406978590553,335325000
2024-05-13,90.34801483154297,90.94667600491073,88.47906681215352,90.42696502755186,289680000
2024-05-14,91.30448150634766,91.5993133075769,88.88384272491611,89.5484686052902,296507000
2024-05-15,94.5766372680664,94.8085087048786,91.54734815808854,92.41985698865427,417735000
2024-05-16,94.30579376220703,95.76496957862231,94.0499337850962,94.8564855639332,323952000
2024-05-17,92.42683410644531,94.68656039026546,91.75421718471637,94.31577507944353,359691000
2024-05-20,94.7265396118164,95.14630088740084,93.38729907778286,93.69712178712975,318764000
2024-05-21,95.33220672607422,95.34619876949091,93.1274495632841,93.5462119787617,328946000
2024-05-22,94.89643859863281,95.96583473980165,93.19640167904086,95.40515417154504,548648000
2024-05-23,103.74046325683594,106.26003756449907,101.46274160839002,101.9704583406549,835065000
2024-05-24,106.40895080566406,106.41494412748668,102.94190563238328,104.39008586204577,429494000
2024-05-28,113.83674621582031,114.87416266382655,109.821015139746,110.18181155048528,652728000
2024-05-29,114.7602310180664,115.42685462015827,110.83844833840384,112.98623828974068,557442000
2024-05-30,110.43767547607422,115.75367568258609,109.60114957621623,114.58533630630252,484553000
2024-05-31,109.57115173339844,112.65341147133279,106.87967024651522,112.45651639047965,613263000
2024-06-03,114.93512725830078,114.93512725830078,111.93981625134096,113.5569073631165,438392000
2024-06-04,116.37132263183594,116.53423270815343,113.98067349692546,115.65073625073813,403324000
2024-06-05,122.37094116210938,122.37993114467406,117.40174545593459,118.30423600418825,528402000
2024-06-06,120.92974853515625,125.51615686058132,118.25325773862335,123.97802351582399,664696000
2024-06-07,120.81981658935547,121.62336396697008,117.95543577009146,119.70244332667052,412386000
2024-06-10,121.72130584716797,123.0305645078952,116.94400320335374,120.30210862140808,313434100
2024-06-11,120.85173034667969,122.81078479761143,118.68277039590036,121.71130884876212,222551200
2024-06-12,125.13966369628906,126.8188544177255,122.51093382538542,123.00069556163665,299595000
2024-06-13,129.5475311279297,129.7374419918796,127.09871503024357,129.32763594350715,260704500
2024-06-14,131.8164520263672,132.7759808624214,128.2581700274141,129.89737910282292,309320400
2024-06-17,130.91688537597656,133.66556033801308,129.5175660413327,132.92592665460285,288504400
2024-06-18,135.51466369628906,136.26430225949593,130.6270208742377,131.07680096187468,294335100
2024-06-20,130.71697998046875,140.69216665961412,129.45759262565218,139.73263779444994,517768400
2024-06-21,126.50900268554688,130.5670512631637,124.24010000634735,127.05874067811743,649445800
2024-06-24,118.05306243896484,124.39999972182731,117.98309648941706,123.18058663623754,476060900
2024-06-25,126.02922058105469,126.43902662016784,119.26248709669801,121.1415781857949,414192600
2024-06-26,126.3390884399414,128.0582531537486,122.54091663746888,126.06921428451571,362975900
2024-06-27,123.93025207519531,126.34909177016176,122.86076797014964,124.04019968068097,252571700
2024-06-28,123.48046875,127.648457456266,122.69084852465333,124.5199685039101,315516700
2024-07-01,124.24010467529297,124.7798377464592,118.77273936918628,123.41050281013469,284885500
2024-07-02,122.61087799072266,123.35052684202405,120.9716689903923,121.07161927076024,218374000
2024-07-03,128.21817016601562,128.21817016601562,121.30150730962696,121.60136576540062,215749000
2024-07-05,125.76936340332031,128.78791231292527,125.61943416430904,127.31861187118912,214176700
2024-07-08,128.13819885253906,130.70696731901708,126.9787619894619,127.42854201917729,237677300
2024-07-09,131.3166961669922,133.7555228326683,128.58800070420872,130.28719371816868,285366600
2024-07-10,134.84500122070312,135.03491211498738,132.35619546389498,133.965420342518,248978600
2024-07-11,127.33860778808594,136.0843835595481,126.98877797734232,135.6845824191085,374782700
2024-07-12,129.177734375,131.85643576222122,127.15870339191848,128.1981955828636,252680500
2024-07-15,128.3781280517578,131.32670387529456,127.11873290604161,130.49710188740187,208326200
2024-07-16,126.29910278320312,128.97780386568002,124.51996185494663,128.3781021800115,214769500
2024-07-17,117.93313598632812,121.7912763806817,116.66375138152577,121.29151734126509,390086200
2024-07-18,121.0316390991211,122.34101295266511,116.50382347473696,121.79127496540796,320979500
2024-07-19,117.8731689453125,121.54139851435873,117.31344125378135,120.29200089882109,217223800
2024-07-22,123.48046875,124.01021213043963,119.8022417845173,120.29200352530061,258068900
2024-07-23,122.53091430664062,124.62990831594026,122.04115259647224,122.72082517670732,173911000
2024-07-24,114.1949462890625,119.8921965766103,113.38533904444206,119.11257365575831,327776900
2024-07-25,112.22588348388672,116.57378540069556,106.24876991914482,112.98551932388845,460067000
2024-07-26,113.00550842285156,116.14399449340688,111.52622597755057,116.13400480341201,293399100
2024-07-29,111.53621673583984,116.22395888086476,111.24636320886141,113.63521076393421,248152100
2024-07-30,103.68001556396484,111.93602955521253,102.49058658822665,111.46625482947668,486833300
2024-07-31,116.96359252929688,118.28295597890576,110.82655264429766,112.84558326649312,473174200
2024-08-01,109.15736389160156,120.10209097077005,106.75851907796755,117.47335365334001,523462300
2024-08-02,107.21829986572266,108.66760564065457,101.32114936142939,103.70999693537759,482027500
2024-08-05,100.4015884399414,103.36016867781126,90.6462974352404,92.0156323292122,552842400
2024-08-06,104.19976806640625,107.65809998114993,100.50155392872522,103.78996196090817,409012100
2024-08-07,98.86235046386719,108.7475850159453,98.64245523610103,107.7580564909976,411440400
2024-08-08,104.91941833496094,105.44916171874115,97.47300376138202,101.95084829679239,391910000
2024-08-09,104.69951629638672,106.54862317361375,103.38015276837264,105.58908675557784,290844200
2024-08-12,108.96746826171875,111.01648357411331,106.20880358471621,106.26877223508454,325559900
2024-08-13,116.08402252197266,116.1739831093698,111.52622277964618,112.38580888904526,312646700
2024-08-14,118.02310943603516,118.54285553833287,114.01503936808065,118.47288957022128,339246400
2024-08-15,122.80079650878906,123.180610648127,117.41339446628129,118.70277375276062,318086700
2024-08-16,124.51995849609375,124.93975424016854,121.12159565561768,121.88123149659879,302589900
2024-08-19,129.93734741210938,129.93734741210938,123.36051676677039,124.22010290586175,318333600
2024-08-20,127.18868255615234,129.81742012912812,125.82933728380516,128.33812230971984,300087400
2024-08-21,128.43804931640625,129.2876456264653,126.59894005268639,127.2586178970324,257883600
2024-08-22,123.68035888671875,130.68698241163722,123.04066795762931,129.9573385201996,376189100
2024-08-23,129.30763244628906,129.53753255606168,125.15963905002394,125.79932992863567,323230300
2024-08-26,126.39906311035156,131.19674560847827,124.31007385741809,129.50757276253648,331964700
2024-08-27,128.23817443847656,129.1377346219971,123.82029866993177,124.98974063480068,303134600
2024-08-28,125.54946899414062,128.26815944285755,122.580899020736,128.05825393148814,448101100
2024-08-29,117.53331756591797,124.37002462838785,116.65374447412273,121.30150468369611,453023300
2024-08-30,119.31246948242188,121.69131963851615,117.16350420185492,119.47238840117339,333751600
2024-09-03,107.94795227050781,116.15399476413343,107.238295351223,115.95409419910477,477155100
2024-09-04,106.1588134765625,113.21540862229497,104.06982436712501,105.3592035946603,372470300
2024-09-05,107.15834045410156,109.59716719188593,104.70952402528704,104.93940893047393,306850700
2024-09-06,102.78044128417969,108.09787692095124,100.90134249947533,107.98792932713482,413638100
2024-09-09,106.41869354248047,106.4986568208146,103.64003443897201,104.82945579489092,273912000
2024-09-10,108.04789733886719,109.34727382600163,104.89941402443941,107.75803619556127,268283700
2024-09-11,116.8536605834961,117.13352442144715,107.36822866067497,109.33728046789619,441422400
2024-09-12,119.0927734375,120.7421209186122,115.33426173002456,116.79368208487448,366052700
2024-09-13,119.05278015136719,119.91243980632909,117.55337484057826,119.03279143615939,238358300
2024-09-16,116.73370361328125,118.13315013570288,114.31466480568342,116.74370178435876,248772300
2024-09-17,115.54417419433594,118.75290839853001,114.78448096424103,118.12315326201993,231925900
2024-09-18,113.3250503540039,117.65332766764698,113.17510830529987,115.84404779202798,310318900
2024-09-19,117.82327270507812,119.6125639674696,117.2035157611041,117.30347459042382,293506400
2024-09-20,115.95401763916016,118.57298181753792,115.3442588328446,117.01359501507952,382462400
2024-09-23,116.21391296386719,116.94361929782039,114.81446644323901,116.50379891378353,206228500
2024-09-24,120.82209014892578,121.75172180406905,115.33426088161053,116.47380837806097,354966800
2024-09-25,123.4610366821289,124.89047006468225,121.5617884105282,121.97162190060216,284692900
2024-09-26,123.99082946777344,127.61938773200264,121.75171957511898,126.74973749484685,302582900
2024-09-27,121.35187530517578,123.98082995705606,119.21272426875333,123.92085618310571,271009200
2024-09-30,121.39186096191406,121.45183473616015,118.1031642748816,118.26309688166123,226553700
2024-10-01,116.95362854003906,122.39147490575814,115.74410902329375,121.72173465568369,302094500
2024-10-02,118.8028793334961,119.33266799005563,115.09435111120959,116.39383876517695,221845900
2024-10-03,122.80130004882812,124.31070361178112,120.29229289145833,120.87206480654892,277118000
2024-10-04,124.87047576904297,124.99043094258552,121.78170440742984,124.89047211115172,243678100
2024-10-07,127.66936492919922,130.58820542607234,124.90045886173723,124.94044391837012,346250200
2024-10-08,132.83731079101562,133.42707320550807,129.36868536610157,130.20834865989482,285722500
2024-10-09,132.59739685058594,134.46666574879316,131.3279114002274,134.05682465722603,246191600
2024-10-10,134.7565460205078,134.94647312682827,130.94805910825556,131.85770195813822,242311300
2024-10-11,134.74656677246094,135.72617401836632,133.60701929174726,133.9568713960576,170209500
2024-10-14,138.01527404785156,139.54466630986312,136.24597143489578,136.4159022137037,232347700
2024-10-15,131.54783630371094,138.5150744275185,128.68896947491228,137.8153397242487,377831000
2024-10-16,135.66619873046875,136.56583584893667,131.527840530584,133.92688301499192,264879700
2024-10-17,136.87571716308594,140.83415423256426,136.81574338597488,139.28476556198524,306435900
2024-10-18,137.94529724121094,138.8449343829922,137.22558142668973,138.61502982502418,176090200
2024-10-21,143.6530303955078,143.6530303955078,137.94528751258602,138.07524085271365,264554500
2024-10-22,143.53309631347656,144.36276924192205,141.72381599778205,142.85337309657714,226311600
2024-10-23,139.50466918945312,142.37352650102258,137.40551088320953,141.97369118156848,285930000
2024-10-24,140.35433959960938,141.293969386979,138.40511570705533,140.76418072009866,172354900
2024-10-25,141.48388671875,144.0728716327459,140.74418981710016,140.8741279131319,205122100
2024-10-28,140.4643096923828,143.08326638426843,139.99449475491215,142.9433224828564,173586700
2024-10-29,141.19400024414062,142.20359433012132,138.8449258203989,140.23437413304583,157593600
2024-10-30,139.28475952148438,140.27437255912164,136.75576367804047,139.48467718743143,179418100
2024-10-31,132.70738220214844,137.55546626582213,132.05764589588958,137.54547571977304,270039600
2024-11-01,135.34632873535156,137.25557537634637,134.5166711244238,134.64660922766117,207127800
2024-11-04,135.99607849121094,138.90492874894582,135.51627301400697,137.15562237613318,187528200
2024-11-05,139.8545379638672,140.31434706066804,137.27555894461494,137.39550649112996,160537400
2024-11-06,145.55227661132812,146.4319326348536,141.90372967757455,142.90333324876622,242043900
2024-11-07,148.8209991455078,148.8709671267726,146.1120664908763,146.33198051831096,207323300
2024-11-08,147.57147216796875,149.7106230852884,146.20200497714438,148.7110195677981,175665800
2024-11-11,145.202392578125,148.79098057849544,143.51307554919703,148.62103456850656,182325600
2024-11-12,148.23118591308594,149.59064718789998,145.952091313065,146.72179022487757,198634700
2024-11-13,146.21202087402344,149.27080540839845,145.84215717514013,149.01091396688446,191903300
2024-11-14,146.70181274414062,148.94093020600926,145.49230097997514,147.5814687564354,194463300
2024-11-15,141.9237060546875,145.18242335032573,140.02446543358045,144.81255966940228,250132900
2024-11-18,140.09442138671875,141.49387540802257,137.09561095173166,139.44468522690033,221205300
2024-11-19,146.95172119140625,147.07168399645053,140.9341184421503,141.26398946372595,227834900
2024-11-20,145.83216857910156,147.5015047606034,142.67341754276418,147.3515703217148,309871700
2024-11-21,146.6118621826172,152.8293979645091,140.64422730754492,149.290807835149,400946600
2024-11-22,141.8937225341797,147.1016638018941,141.04406865837018,145.87214043901812,236406200
2024-11-25,135.96609497070312,141.99370385870768,135.766177287977,141.933730079164,344941900
2024-11-26,136.86572265625,139.2447840977321,135.61621816013385,137.64541224160723,190287700
2024-11-27,135.2863311767578,137.1655905980091,131.74774157257602,134.95646019838466,226370900
2024-11-29,138.19520568847656,139.29477581313424,135.99608069190262,136.7257870913165,141863200
2024-12-02,138.5750274658203,140.39429776497158,137.7653511333102,138.7749450999513,171682800
2024-12-03,140.20440673828125,140.48429454860658,137.8953246767264,138.2051993772479,164414000
2024-12-04,145.0824737548828,145.73221002899123,140.23438993110327,141.94371889092554,231224300
2024-12-05,145.0124969482422,146.49200804389403,143.9028598130552,145.06248362625453,172621200
2024-12-06,142.39334106445312,145.6522676421263,141.2637063556289,144.55263713920382,188505600
2024-12-09,138.7645263671875,139.90415231737651,137.08508402113657,138.92447761551347,189308600
2024-12-10,135.0257568359375,141.77354545828368,133.74616214517607,138.96445323342698,210020900
2024-12-11,139.2643585205078,140.12407738797447,135.16571086465208,137.31500040642362,184905200
2024-12-12,137.29501342773438,138.39465924672223,135.75552453494274,137.03510407678786,159211400
2024-12-13,134.20602416992188,139.55427778956917,132.4965775973186,138.89449032268433,231514900
2024-12-16,131.95675659179688,134.35596424649526,130.37727237183418,134.13603509853905,237951100
2024-12-17,130.3472900390625,131.54689392732612,126.81844751374322,129.04771280436398,259410300
2024-12-18,128.86778259277344,136.6552244722092,128.23798405143236,133.8161583001621,277444500
2024-12-19,130.63717651367188,133.98608501684748,129.50755712091288,131.7168244915274,209719200
2024-12-20,134.65586853027344,135.2356803497186,128.1779956829599,129.76747112979962,306528600
2024-12-23,139.62425231933594,139.74420813475027,135.07573952144836,136.23536324975828,176053500
2024-12-24,140.17408752441406,141.8535301026856,138.60459428405517,139.95415834100334,105157000
2024-12-26,139.88417053222656,140.8038826879709,137.68489400548984,139.65425012018665,116205600
2024-12-27,136.96511840820312,138.97446981750295,134.66588395063462,138.50462254046806,170582600
2024-12-30,137.44496154785156,140.2240495546706,133.97609715556487,134.78582934588258,167734700
2024-12-31,134.2460174560547,138.02479365615312,133.7861766339878,137.98479821279548,155659200
2025-01-02,138.26470947265625,138.83453015425235,134.58592176996075,135.95546829733047,198247200
2025-01-03,144.4226837158203,144.85253555834646,139.68423069189672,139.96413776465596,229322500
2025-01-06,149.38104248046875,152.11015917129038,147.77158452702758,148.5413213081193,265377400
2025-01-07,140.09408569335938,153.07983530547875,139.9641234037018,152.97986196669754,351782200
2025-01-08,140.06410217285156,143.90284057175748,137.51493447299714,142.5332942493383,227349900
2025-01-10,135.86549377441406,139.87417502688794,134.17604480086774,137.40498271998055,207602500
2025-01-13,133.18637084960938,133.44629547754278,129.46758770744978,129.94744151880715,204808900
2025-01-14,131.71682739257812,136.33532416409136,130.00739616366573,136.00543044799826,195590500
2025-01-15,136.1953887939453,136.4053114797544,131.24699764678536,133.60622538989423,185217300
2025-01-16,133.52626037597656,138.70455649670012,133.44628474718112,138.59459191383036,209235600
2025-01-17,137.66490173339844,138.45463626831489,135.41563868932835,136.6452315490251,201188800
2025-01-21,140.78387451171875,141.78354697270905,137.0450940162502,139.1144233323199,197749000
2025-01-22,147.0218505859375,147.7416007949869,143.62295473278476,144.61263605764083,237651400
2025-01-23,147.17178344726562,147.18177468068177,143.67292977388993,145.0024960002277,155915500
2025-01-24,142.57327270507812,148.92119854206575,141.83352489203162,148.32138900097752,234657600
2025-01-27,118.3812026977539,128.35792888769186,116.6617649651342,124.75911743279188,818830900
2025-01-28,128.94776916503906,128.95776039928603,116.21193524354263,121.77011224340114,579666400
2025-01-29,123.65948486328125,126.84844257022412,120.0106863497111,126.458570906435,467120600
2025-01-30,124.60917663574219,124.9590604797062,118.06131881584726,123.05968123503551,392925500
2025-01-31,120.03067016601562,127.80812056780856,119.15096116009843,123.73945402173636,388161100
2025-02-03,116.62179565429688,118.53116613291392,112.9729895620065,114.71241754878405,371235700
2025-02-04,118.61112976074219,121.16028976109213,116.66176403787988,116.92168099297385,256550000
2025-02-05,124.78911590576172,124.95905839472358,120.72044926950534,121.72012173666313,262230800
2025-02-06,128.63784790039062,128.72783001681898,125.16899078801299,127.37826606210074,251483600
2025-02-07,129.79745483398438,130.32727996151158,124.95904429961287,129.17766285547097,228186300
2025-02-10,133.52626037597656,134.955784699492,129.91744211571256,130.04738916543755,216989100
2025-02-11,132.7565155029297,134.43595803743202,130.9770996135579,132.5365863252507,178902400
2025-02-12,131.09706115722656,132.19670709360815,129.03773808890557,129.97743275203294,160278600
2025-02-13,135.2456817626953,136.45529216313562,131.127036067263,131.51690772043457,197430000
2025-02-14,138.80453491210938,139.20439781688884,135.4556258828613,136.4353006772254,195479600
2025-02-18,139.35435485839844,143.3930407195906,137.88483491061234,141.2237529999524,219176600
2025-02-19,139.18438720703125,141.3136943495984,137.17505112782226,139.46429426521587,167536000
2025-02-20,140.06410217285156,140.61392504988532,136.74518244514988,139.98412654948388,143903600
2025-02-21,134.38595581054688,141.41366694156105,133.98609294492073,139.99411868487,228217600
2025-02-24,130.23733520507812,138.544611438826,130.03740375103862,136.51527743543022,251381100
2025-02-25,126.5885238647461,130.1573543264651,124.39924631174091,129.93742515974864,271428700
2025-02-26,131.23699951171875,133.68619399137987,128.44792005609298,129.9474287481865,322553800
2025-02-27,120.11065673828125,134.96578360804298,119.97070319337837,134.9557923740472,443175800
2025-02-28,124.87908172607422,125.04902421361967,116.36187573271177,117.98134023479652,389091100
2025-03-03,114.02263641357422,123.65947815441595,112.2432206852501,123.46954557652553,411381400
2025-03-04,115.9520034790039,119.27091565466138,110.07393231302608,110.61375634258967,398163300
2025-03-05,117.2615737915039,118.24124845757764,114.47248692259635,117.54148083895355,284337900
2025-03-06,110.53378295898438,115.31221606989396,110.18389912538346,113.49281250827367,321181900
2025-03-07,112.65309143066406,113.44283358559466,107.52476685365718,111.21356065439609,341755500
2025-03-10,106.94496154785156,111.81336147496829,105.42545516002185,109.86400325750407,366487400
2025-03-11,108.72438049316406,112.20323643435479,104.73568182740638,106.95495594173273,354865700
2025-03-12,115.71273803710938,116.7325020716217,112.85341103244578,114.09312447156262,323857500
2025-03-13,115.55277252197266,117.73225924433854,113.76319330991835,117.0024278677365,299033100
2025-03-14,121.6413345336914,121.85128414551467,118.12216714928688,118.5820578648422,277593500
2025-03-17,119.50183868408203,122.86104771124882,118.00219206936818,122.711081524258,255501500
2025-03-18,115.40280151367188,118.99195194008684,114.51301183473794,117.97219563901088,299686900
2025-03-19,117.4923095703125,120.4216195833343,115.65274672556286,117.24236846895431,273426200
2025-03-20,118.50206756591797,120.17167220516042,116.44255543913019,116.52253841801043,248829700
2025-03-21,117.6722640991211,117.9621966837067,115.39280254041711,116.91244866461768,266498500
2025-03-24,121.38140106201172,122.19120779583362,119.31188140429414,119.8517551027078,228452500
2025-03-25,120.66156768798828,121.26142480153007,118.89198043130345,120.5216012824151,167447200
2025-03-26,113.73320007324219,118.81199741904777,112.68344440410922,118.70203035263671,293463300
2025-03-27,111.40375518798828,114.42304053099558,110.6339399022949,111.32377219977147,236902100
2025-03-28,109.6441650390625,112.84341584506377,109.04430789656145,111.46373602695421,229872500
2025-03-31,108.35446166992188,110.9338556226425,103.6255803841977,105.10522740758995,299212700
2025-04-01,110.1240463256836,110.17402996737344,106.44491315753294,108.49442552913952,222614000
2025-04-02,110.39398193359375,111.95361956622256,106.76483994973236,107.26472214391917,220601200
2025-04-03,101.77601623535156,105.60510798745378,101.5760587841681,103.48561239808684,338769400
2025-04-04,94.28778076171875,100.10640942744341,92.08830207120735,98.88670323249266,532273800
2025-04-07,97.61698913574219,101.72602116602216,86.59958951154498,87.43938789235719,611041300
2025-04-08,96.27731323242188,105.82505852328022,94.43774279946976,103.78553826456235,476243400
2025-04-09,114.30306243896484,115.07287764897656,97.5070179445592,98.86669810018236,612918300
2025-04-10,107.5446548461914,110.83388059600858,99.12664053501021,109.34423379452805,437812400
2025-04-11,110.90386199951172,111.52371865557488,107.45467796999777,108.47443427245335,313417300
2025-04-14,110.68391418457031,114.2630725146749,109.04430120283689,114.08311462021162,264705000
2025-04-15,112.1735610961914,113.5932323217664,110.47396469045397,110.94385517244878,228966900
2025-04-16,104.46538543701172,106.76484672728219,100.4263361362673,104.52537649088836,397016900
2025-04-17,101.4660873413086,104.44538862475022,100.02643178468185,104.42538906519317,292517500
2025-04-21,96.88717651367188,99.41657935183265,95.01761424618036,98.74673137333838,288501100
2025-04-22,98.86670684814453,99.78648832080442,97.25708545719098,98.75673214732677,241004800
2025-04-23,102.68579864501953,104.77531016741209,101.99595878138034,104.4953697335839,247526000
2025-04-24,106.4049301147461,106.51490481382977,103.08571246468685,103.45562805502263,220815000
2025-04-25,110.98385620117188,111.8936379045766,105.70510100806126,106.82483233532861,251064700
2025-04-28,108.70439147949219,110.34400455936343,105.9950231207954,109.66416443154382,207708500
2025-04-29,108.99431610107422,110.17403844763395,107.41469407982767,107.64463563001284,170444300
2025-04-30,108.89433288574219,108.89433288574219,104.05547701680861,104.44538450923935,235044600
2025-05-01,111.58370208740234,114.91291927434723,111.27377757314032,113.05335693358144,236121500
2025-05-02,114.47303009033203,115.37281962529518,113.34329900218786,114.15310576985596,190194800
2025-05-05,113.7931900024414,114.64298826396649,112.63346720059009,112.88340831442672,133163200
2025-05-06,113.51325988769531,114.7129742117387,110.7938992837595,111.4537475013017,158525600
2025-05-07,117.03242492675781,117.65228163619798,112.25355204144066,113.02337494499027,206758800
2025-05-08,117.34235382080078,118.65204278244111,115.82270761670769,118.22214377270919,198428100
2025-05-09,116.62252044677734,118.20215005190205,115.18285724943865,117.32235248570746,132972200
2025-05-12,122.97103118896484,122.97103118896484,120.25167057965504,121.94127499373305,225023300
2025-05-13,129.89938354492188,131.18908818741485,124.44067836400953,124.95056035306071,330430100
2025-05-14,135.30810546875,135.40808800730593,131.6489642323906,133.16861033831793,281180800
2025-05-15,134.79823303222656,136.2678878895653,132.6287461607251,134.258351724734,226632600
2025-05-16,135.36810302734375,136.31789147723805,133.42857277146337,136.18791721457987,226542500
2025-05-19,135.53805541992188,135.83797251007488,132.35879696756518,132.35879696756518,193154600
2025-05-20,134.34832763671875,134.54827743990722,132.58873275619902,134.25833725837063,161514200
2025-05-21,131.76895141601562,137.36762292180558,130.55922977564506,133.02864907239967,270608700
2025-05-22,132.7987060546875,134.21836966107523,131.51900885300861,132.19884131725317,187344000
2025-05-23,131.25906372070312,132.64873565144939,129.12957588399638,129.96937433382988,198821300
2025-05-27,135.4680633544922,135.6280293045703,133.27857708527512,134.1183754403962,192953600
2025-05-28,134.7782440185547,137.2176717346689,134.75824445795843,135.9979578766118,304021100
2025-05-29,139.15721130371094,143.45620133736625,137.87751407348716,142.21648797143945,369241900
2025-05-30,135.09817504882812,139.58710766728817,132.88868890141003,138.6873257641086,333170900
2025-06-02,137.34764099121094,138.08745689917103,135.36809645457458,135.45808684638126,197663100
2025-06-03,141.1867218017578,141.9665367692297,137.91748812723765,138.74729436292043,225578800
2025-06-04,141.88656616210938,142.3564566649135,139.5071219355859,142.15650682982962,167120800
2025-06-05,139.95703125,143.96608121416313,138.79730082341692,142.13651043477643,231397900
2025-06-06,141.6865997314453,143.23623746842864,141.47664251332282,142.47640682683559,153986200
2025-06-09,142.59640502929688,144.96584183837217,141.9065651342004,143.15627066728982,185114500
2025-06-10,143.92608642578125,144.25599524562207,141.4966510569608,142.65638139553192,155881900
2025-06-11,142.80625915527344,144.96590375929992,141.84641202362192,144.5859620448177,167694000
2025-06-12,144.9759063720703,144.9759063720703,141.82643588786814,141.94641106631286,162365000
2025-06-13,141.94639587402344,143.556128789635,140.8265869783813,142.4563055840922,180820600
2025-06-16,144.66595458984375,146.1556971839991,143.1761967394354,143.32618096280035,183133700
2025-06-17,144.09603881835938,145.1958620737219,143.75609899624828,144.46598768948277,139108000
2025-06-18,145.455810546875,145.62578045463974,143.0962022725339,143.9860537050978,161494100
2025-06-20,143.8260955810547,146.17569581398777,142.6262828381709,145.42582047781178,242956200
2025-06-23,144.1460418701172,144.7559411184857,142.00639807778802,142.47632119978937,154308900
2025-06-24,147.87539672851562,147.93539956519925,145.47580197371775,145.53578955415,187566100
2025-06-25,154.28436279296875,154.4243389252029,149.23519867353343,149.24520677628502,269146500
2025-06-26,154.99423217773438,156.69394650127538,153.97439748110884,155.95406403411533,198145700
2025-06-27,157.72378540039062,158.68363258213975,155.23419369167684,156.01406285223712,263234500
2025-06-30,157.96376037597656,158.6336472456001,155.93409881773164,158.37368067249696,194580300
2025-07-01,153.2745361328125,157.17388214393176,151.46483925954294,156.26402965591922,213143600
2025-07-02,157.22386169433594,157.57380961936815,152.94457434216997,152.9545671877056,171224100
2025-07-03,159.3135223388672,160.95324924613055,157.74379112425564,158.34368228178877,143716100
2025-07-07,158.21371459960938,159.28352889047815,157.31385497697042,158.17371270193448,140139000
2025-07-08,159.97340393066406,160.19336858156893,158.36367094336165,159.30351713245472,138133000
2025-07-09,162.85293579101562,164.39267314506114,161.13322041798892,161.1932080055649,183656400
2025-07-10,164.07273864746094,164.4726660794993,161.5831469026993,164.29270331195812,167704100
2025-07-11,164.89259338378906,167.862101078866,163.44283738179527,163.6927958392512,193633300
2025-07-14,164.04273986816406,165.4625020418882,161.99307751467913,165.3425116109199,136975800
2025-07-15,170.671630859375,172.37134531045626,169.17188012202328,171.1615549258278,230627400
2025-07-16,171.34152221679688,171.72146396229547,168.87193138356372,171.03157616389174,158831500
2025-07-17,172.97125244140625,174.13106334471073,170.80161486292053,171.99141956059896,160841100
2025-07-18,172.38134765625,174.22103817113316,171.23152964225835,173.61113894806013,146456400
2025-07-21,171.35153198242188,173.35119970444802,170.97159023323564,172.72129949000853,123126100
2025-07-22,167.00225830078125,171.36153479867312,164.55266825003173,171.31154005146294,193114300
2025-07-23,170.75161743164062,171.23153339032083,167.94208685699226,169.5018251648929,154082200
2025-07-24,173.7111358642578,173.80111724784433,171.27153886755505,172.41134882841166,128984600
2025-07-25,173.47117614746094,174.69097468726906,172.9312725713388,173.58115848322245,122316800
2025-07-28,176.7206268310547,176.97058528484683,173.94109004538618,173.99108478739527,140023500
2025-07-29,175.48081970214844,179.35018677118867,174.99091091823115,177.93042464674528,154077500
2025-07-30,179.24021911621094,179.86011122312902,176.01074478620916,176.48066791766442,174312200
2025-07-31,177.84043884277344,183.26954448460754,175.9007587673991,182.86960179799485,221685400
2025-08-01,173.69113159179688,176.51065501732398,170.86160006411595,174.06106522140865,204529000
2025-08-04,179.9700927734375,180.17005649193501,174.49100755408614,175.1309006070304,148174600
2025-08-05,178.23037719726562,180.23004490386853,175.87076869322405,179.59015184800575,156407600
2025-08-06,179.3901824951172,179.87009845787975,176.22071111043454,176.30069964693718,137192300
2025-08-07,180.73997497558594,183.84945895635624,178.7703010091291,181.53984513179375,151878400
2025-08-08,182.66964721679688,183.2695536485861,180.37002623661053,181.51984435483087,123396700
2025-08-11,182.0297393798828,183.80944232526838,180.2200426409657,182.01974653412333,138323200
2025-08-12,183.1295623779297,184.44933506001817,179.4301803710301,182.9295986692803,145485700
2025-08-13,181.55982971191406,183.93943921657484,179.3202115957667,182.58965738273272,179871700
2025-08-14,181.98974609375,182.98957985829236,179.43017409752198,179.72011917648817,129554000
2025-08-15,180.42001342773438,181.86976944489334,178.01041021115256,181.84978375259033,156602200
2025-08-18,181.979736328125,182.90958965389834,180.55997422620712,180.56998232776263,132008000
2025-08-19,175.61080932617188,182.46966985536903,175.46084035755914,182.39967416584764,185229200
2025-08-20,175.370849609375,175.9707560164781,168.77195541250927,175.1408920976954,215142700
2025-08-21,174.95091247558594,176.87059152353538,173.78110877087863,174.8209444570093,140040900
2025-08-22,177.96043395996094,178.56032512128596,171.17155351749952,172.58132291943235,172789400
2025-08-25,179.78012084960938,181.87977802218637,176.54066896263805,178.3203719824875,163012800
2025-08-26,181.7397918701172,182.35968393651802,178.7802771456414,180.03006938032237,168688200
2025-08-27,181.56983947753906,182.45969102424806,179.07025476697962,181.94976597929116,235518900
2025-08-28,180.1400604248047,184.43934897141472,176.3806906932069,180.7899615720414,281787800
2025-08-29,174.1510467529297,178.12038822306508,173.12121914292007,178.08040158317536,243257900
2025-09-02,170.75161743164062,172.351357635579,167.19221149694363,169.9717482776903,231164900
2025-09-03,170.59165954589844,172.38137081666613,168.851958278929,171.03158891427162,164424900
2025-09-04,171.63148498535156,171.83144870716828,169.381858788342,170.54166973363456,141670100
2025-09-05,166.9922637939453,169.0019244592772,164.04275681292185,168.00209055003162,224441400
2025-09-08,168.2820281982422,170.93159698121408,167.32219627229085,167.5221599855096,163769100
2025-09-09,170.7316131591797,170.95157781434446,166.71229229208453,169.0618925540675,157548400
2025-09-10,177.300537109375,179.26020289704138,175.44084555219968,176.61064931709572,226852000
2025-09-11,177.1505584716797,180.26021784214308,176.4606317396978,179.66027757334626,151159300
2025-09-12,177.80047607421875,178.5803891806412,176.43061617633268,177.75047851465564,124911000
2025-09-15,177.73049926757812,178.83038469078608,174.49084923140515,175.650725630949,147061600
2025-09-16,174.86080932617188,177.4805168617991,174.36086420825131,176.98057174387853,140737800
2025-09-17,170.27130126953125,173.18098551277336,168.39151800406466,172.62104942275718,211843800
2025-09-18,176.2206573486328,177.08056354559588,172.94101865721873,173.96089569350613,191763300
2025-09-19,176.6505889892578,178.06043774665943,175.16074718989944,175.7506939671915,237182100
2025-09-22,183.58984375,184.52974299714734,174.69082690233378,175.28075846993005,269637000
2025-09-23,178.410400390625,182.3999677661597,176.19065819152993,181.95002022927713,192559600
2025-09-24,176.9505615234375,179.76025041106172,175.38072666046574,179.75025700209653,143564100
2025-09-25,177.67050170898438,180.2402117285651,173.11100459099512,174.4608472798892,191586700
2025-09-26,178.17044067382812,179.750269051669,174.91078879333958,178.15043859744398,148573700
2025-09-29,181.83004760742188,183.97980553666213,180.30021674934378,180.41019002973698,193063500
2025-09-30,186.55950927734375,187.32942897828707,181.4600633204032,182.06000352373024,236981000
2025-10-01,187.21945190429688,188.11934700723293,183.87980694521147,185.21967144700423,173844900
2025-10-02,188.8692626953125,191.0290292282152,188.03935198339767,189.57919146332628,136805800
2025-10-03,187.5994110107422,190.33911589327732,185.35966652947783,189.16924608680657,137596900
2025-10-06,185.51962280273438,187.20943969833962,183.3098739831843,185.4796339074747,157678100
2025-10-07,185.01968383789062,189.03924688644503,183.97980469837793,186.20955566811082,140088000
2025-10-08,189.0892333984375,189.57918508139647,186.51950830089396,186.5495190429729,130168900
2025-10-09,192.54885864257812,195.27855455286462,191.039014711271,192.20888438710807,182997200
2025-10-10,183.139892578125,195.59851591827854,182.03001384654092,193.4887469873255,268774400
2025-10-13,188.29933166503906,190.08912842775598,185.93959015922437,187.9493639887039,153482800
2025-10-14,180.01022338867188,184.77970370013514,179.6802578066599,184.74970821605342,205641400
2025-10-15,179.8102569580078,184.84969686580231,177.2705272995106,184.77971248532194,214450500
2025-10-16,181.7900390625,183.2598789113643,179.75026972003684,182.20999112544493,179723300
2025-10-17,183.19989013671875,184.07979842608083,179.7302697995737,180.1602152773484,173135200
2025-10-20,182.6199493408203,185.1796658652692,181.7100455780644,183.10990104163824,128544700
2025-10-21,181.14010620117188,182.76991679751694,179.7802549646251,182.76991679751694,124240200
2025-10-22,180.2602081298828,183.4198648953589,176.74059027394597,181.12011433169937,162249600
2025-10-23,182.13999938964844,183.0098989665471,179.7702492811968,180.4001849787377,111363700
2025-10-24,186.23953247070312,187.44940625639555,183.47984116964938,183.81980015643103,131296700
2025-10-27,191.46897888183594,191.97891738858848,188.4093020699799,189.9691435897376,153452700
2025-10-28,201.0079345703125,203.12769700573313,191.8889404255143,193.0288146936141,297986200
2025-10-29,207.01727294921875,212.1667169482571,204.7575264516481,207.95717223581016,308829600
2025-10-30,202.8677215576172,206.13736677538768,201.38788833732997,205.12746791137428,178864400
2025-10-31,202.4677734375,207.94716749796044,202.04782138155986,206.42733011185774,179802200
2025-11-03,206.85728454589844,211.31678618801203,205.53742218982754,208.05714970598171,180267300
2025-11-04,198.66818237304688,203.9476013046771,197.90825607143535,202.9777066091775,188919300
2025-11-05,195.18858337402344,202.89772869539195,194.6286320152979,198.7481902403631,171350300
2025-11-06,188.05935668945312,197.59830279082226,186.35954634625867,196.39843756369172,223029800
2025-11-07,188.1293487548828,188.29934352754728,178.8903723972709,184.87970536775757,264942300
2025-11-10,199.0281524658203,199.91805415635875,193.76872011438098,195.08858253564551,198897100
2025-11-11,193.1387939453125,195.3985402959953,191.2789975702345,195.13857433756354,176483300
2025-11-12,193.7787322998047,195.86849924763862,191.1090271797132,195.69851973704638,154935300
2025-11-13,186.8394775390625,191.4189763426968,183.82981362374773,191.02901978717685,207423100
2025-11-14,190.14910888671875,190.98901295495202,180.56016596493993,182.8399142970662,186591900
2025-11-17,186.5795135498047,188.9792438771453,184.29976516169708,185.9495778546046,173628900
2025-11-18,181.340087890625,184.7797126313021,179.6302689297591,183.3598703733926,213598900
2025-11-19,186.49952697753906,187.8393762025218,182.8099296469334,184.76970592228736,247246400
2025-11-20,180.6201629638672,195.97847686300787,179.83025642841662,195.92847930218133,343504800
2025-11-21,178.86036682128906,184.5397359279593,172.91100782704066,181.22010834266524,346926200
2025-11-24,182.52996826171875,183.4798609481747,176.4606271183833,179.47030653663683,256618300
2025-11-25,177.80047607421875,178.14043506786686,169.53138015579162,174.89079203873564,320600300
2025-11-26,180.24020385742188,182.8899220695924,178.22043661727494,181.6100638206842,183852000
2025-11-28,176.98056030273438,179.2703020816569,176.48061521713345,178.99033405428943,121332800
2025-12-01,179.90025329589844,180.2802164760195,173.66093259662904,174.7408159055669,188131000
2025-12-02,181.44007873535156,185.63961443898967,179.98023235974816,181.7400335835938,182632200
2025-12-03,179.57028198242188,182.4299686383783,179.09033894604931,181.06012391136443,165138000
2025-12-04,183.37008666992188,184.51002440204854,179.95027347354184,181.61017209543593,167364900
2025-12-05,182.40013122558594,184.6500094505641,180.9002124089338,183.88004685245298,143971100
2025-12-08,185.5399627685547,187.98982714518382,182.39012406320575,182.6301165694494,204378100
2025-12-09,184.95999145507812,185.70995086836587,183.31008684903045,185.54995586495326,144719700
2025-12-10,183.77005004882812,185.46995496958337,182.03013874897007,184.9599880707457,162785400
2025-12-11,180.92019653320312,181.31019006496976,176.61043233199788,180.27023782951787,182136600
2025-12-12,175.01052856445312,182.81010931847595,174.61054106596097,181.10019518559332,204274900
2025-12-15,176.28045654296875,178.4103461991077,175.02053019793698,177.93037643785232,164775600
2025-12-16,177.71038818359375,178.48035080582065,174.8905333961456,176.25046044282257,148588100
2025-12-17,170.93075561523438,176.12047730871902,170.30078481189744,176.0904801521757,222775500
2025-12-18,174.1305694580078,176.14045512074784,171.8107030234881,174.52054772862792,176096000
2025-12-19,180.98020935058594,181.4401759084778,176.3304518785618,176.6604358481607,324925900
2025-12-22,183.6800537109375,184.15002947616998,182.34012994783166,183.91003698180788,129064400
2025-12-23,189.19976806640625,189.31975669034466,182.89009670029142,182.96010023623109,174873600
2025-12-24,188.59979248046875,188.899779295176,186.57989753660073,187.92983057380172,65528500
2025-12-26,190.51968383789062,192.67957056140054,187.98982202804387,189.9097162518428,139740300
2025-12-29,188.20980834960938,188.749772392931,185.8999358866866,187.6998414610299,120006100
2025-12-30,187.52984619140625,188.9797799436452,186.91987858592935,188.22982052336855,97687300
2025-12-31,186.4899139404297,190.54969193131708,186.47991997410415,189.55975523635485,120100500
